--OMDPXfO6o, 9.000, 19.000, "/m/04rlf,/m/09x0r,/m/0c3f7m"
-6KfoGO_o9M, 220.000, 230.000, "/m/09x0r,/m/0c3f7m"
-6p32k2WUCs, 0.000, 10.000, "/m/03wwcy"
-AIHL5EIKUg, 30.000, 40.000, "/m/02dgv,/m/07r4wb8,/m/09x0r"
-BJNMHMZDcU, 50.000, 60.000, "/m/03wwcy,/m/05tny_,/m/07rc7d9,/m/0bt9lr,/m/0jbk"
-DbCG1ZtD_I, 30.000, 40.000, "/m/07r4wb8,/m/09x0r"
-DoFDKsAOo4, 30.000, 40.000, "/m/03wwcy,/m/0c1dj"
-E9o4ywIoj8, 10.000, 20.000, "/m/0c3f7m"
-EWgUW9lKes, 210.000, 220.000, "/m/01y3hg,/m/09x0r"
-GSPHFcDEA0, 190.000, 200.000, "/m/09x0r,/m/0c3f7m"
-M88hG5X8fQ, 10.000, 20.000, "/m/0c3f7m"
-TQILM-c0T0, 30.000, 40.000, "/m/02y_763,/m/07qcpgn,/m/07r4wb8,/m/07yv9,/m/0k4j"
-US7xnb1Lrw, 0.000, 10.000, "/m/09x0r,/m/0c3f7m"
-Zjgm_sZd10, 0.000, 4.000, "/m/03wwcy"
-a9xYse4q-Y, 70.000, 80.000, "/m/030rvx,/m/0c3f7m"
-fKLFmdZXiA, 20.000, 30.000, "/m/01y3hg"
-ikrSfqB0LU, 0.000, 3.000, "/m/03wwcy"
-kngohODefw, 470.000, 480.000, "/m/03wwcy,/m/04rlf,/m/09x0r"
-mDOld5RYxw, 80.000, 90.000, "/m/09x0r,/m/0c3f7m"
-ofHiiMgeuA, 0.000, 8.000, "/m/030rvx,/m/0c3f7m"
-syuIC_bDQQ, 10.000, 20.000, "/m/0c3f7m"
-uS-9D7njq4, 40.000, 50.000, "/m/01y3hg,/m/09x0r"
-vT22g0S8Ro, 11.000, 21.000, "/m/02dgv,/m/02y_763,/m/07qcpgn,/m/07r4wb8,/m/07rjzl8"
-wMFgnGcIms, 100.000, 110.000, "/m/09x0r,/m/0c3f7m,/t/dd00126"
-xHz2OEO4iI, 30.000, 40.000, "/m/04rlf,/m/07r4wb8,/m/09x0r"
-yIfUyZOf0M, 30.000, 40.000, "/m/07qcpgn,/m/07r4wb8"
-zZItrrphYo, 240.000, 250.000, "/m/03wwcy,/m/04rlf,/m/09x0r,/t/dd00129"
0-2iqNNb0sw, 7.000, 17.000, "/m/0c3f7m"
0-TRchdAQao, 20.000, 30.000, "/m/0c3f7m"
013tVBuTrkE, 23.000, 33.000, "/m/01y3hg"
03DX8NWJejg, 12.000, 22.000, "/m/07pb8fc,/m/07r4wb8,/m/07yv9,/t/dd00066"
0BEtPXdDQrs, 250.000, 260.000, "/m/0c3f7m"
0Cs-KOQF9t0, 40.000, 50.000, "/m/01y3hg,/m/0c3f7m"
0E-qJw20QYY, 22.000, 32.000, "/m/07r4wb8,/m/07yv9,/m/09x0r,/m/0k4j"
0FjMs2FWcbQ, 30.000, 40.000, "/m/01y3hg,/m/03kmc9"
0H3D8l3LyXI, 220.000, 230.000, "/m/03wwcy,/m/04rlf"
0HFcj_nOBRs, 16.000, 26.000, "/m/02dgv,/m/07qcpgn,/m/07r4wb8"
0JFfTcAXT2Y, 30.000, 40.000, "/m/01y3hg,/m/02fs_r,/m/09x0r"
0KA_vvmpAI4, 40.000, 50.000, "/m/03wwcy,/m/04rlf"
0LJ-VFK_180, 130.000, 140.000, "/m/09x0r,/m/0c3f7m,/t/dd00125"
0QJDqCcTDD4, 100.000, 110.000, "/m/0c3f7m"
0S9Bb_v6Yws, 30.000, 40.000, "/m/07r4wb8,/m/09x0r"
0VeDtKRDy1Q, 30.000, 40.000, "/m/01y3hg,/m/07pp_mv,/t/dd00125"
0XGiXjdfNZc, 30.000, 40.000, "/m/09x0r,/m/0c3f7m"
0auYBHbx9HA, 170.000, 180.000, "/m/0c3f7m"
0ciZGU2_h6M, 0.000, 10.000, "/m/01y3hg,/t/dd00125"
0iAV6QtgoaA, 110.000, 120.000, "/m/07pp_mv,/m/0c3f7m,/t/dd00125"
0kvWlnYuCvI, 40.000, 50.000, "/m/03wwcy,/m/04rlf"
0o0-GQj6Pow, 10.000, 20.000, "/m/01y3hg,/m/07pp_mv,/m/09x0r"
0uPuzX6BDo8, 490.000, 500.000, "/m/0c3f7m"
0vGhtQkTMDA, 30.000, 40.000, "/m/01y3hg,/m/0c3f7m"
0zTV4lhqXpA, 10.000, 20.000, "/m/01y3hg"
1-VMTJRpjbE, 150.000, 160.000, "/m/09x0r,/m/0c3f7m"
1-oAfTZfP2k, 30.000, 40.000, "/m/09x0r,/m/0c3f7m"
11akZylBktA, 30.000, 40.000, "/m/07r4wb8"
14ZZavlJFGE, 110.000, 120.000, "/m/09x0r,/m/0c3f7m"
17YkUTXPZiA, 30.000, 40.000, "/m/09x0r,/m/0c3f7m"
1CwhQ3icjgs, 30.000, 40.000, "/m/02dgv,/m/02y_763,/m/04rlf,/m/07r4wb8"
1ImoyRFF3bk, 21.000, 31.000, "/m/04rlf,/m/07r4wb8,/m/09x0r"
1K3NZHv-1RQ, 120.000, 130.000, "/m/01y3hg"
1KoMh7ioBm8, 40.000, 50.000, "/m/01y3hg,/m/09x0r"
1NuV51MgJLg, 30.000, 40.000, "/m/07pjjrj,/m/07pzfmf,/m/07qb_dv,/m/07r4wb8"
1OylnGdy1UU, 180.000, 190.000, "/m/03wwcy,/m/04rlf,/m/09x0r"
1Q1eWT_C55w, 40.000, 50.000, "/m/01y3hg,/m/09x0r"
1dVnP_e4gAQ, 90.000, 100.000, "/m/01y3hg,/m/09x0r"
1lz52K4W9rM, 30.000, 40.000, "/m/09x0r,/m/0c3f7m"
1qku5sNlbhQ, 70.000, 80.000, "/m/0c3f7m"
1sxdvU7LFvQ, 290.000, 300.000, "/m/09x0r,/m/0c3f7m"
1tFkjBMoUkM, 90.000, 100.000, "/m/03wwcy,/m/09x0r"
1v8tkB9u7DI, 10.000, 20.000, "/m/0c3f7m"
1xkIrZWnqMI, 1.000, 11.000, "/m/01y3hg,/m/0c3f7m"
1ylXVGkylyU, 30.000, 40.000, "/m/09x0r,/m/0c3f7m"
2-9VDlhbv0o, 30.000, 40.000, "/m/04rlf,/m/07r4wb8"
22ANrNBjClA, 90.000, 100.000, "/m/028v0c,/m/07r4wb8,/t/dd00125"
22aQBSPKFbM, 180.000, 190.000, "/m/09x0r,/m/0c3f7m"
23xdTaTmoeI, 30.000, 40.000, "/m/01y3hg,/m/09x0r,/m/0c3f7m"
25aBtgCxEug, 440.000, 450.000, "/m/0c3f7m"
25psngPoZ7o, 10.000, 20.000, "/m/01y3hg,/m/09x0r,/m/0c3f7m"
25vUqH_ZoKo, 30.000, 40.000, "/m/07r4wb8,/m/07yv9,/t/dd00066,/t/dd00130"
26ubekDhG_Y, 0.000, 10.000, "/m/03wwcy,/m/07r67yg"
28onX7S1NoM, 28.000, 38.000, "/m/01y3hg,/m/09x0r"
2A7QqMWZDQQ, 0.000, 10.000, "/m/07r4wb8,/m/09x0r"
2AtiN0FduIc, 2.000, 12.000, "/m/09x0r,/m/0c3f7m"
2F2TnEpQswk, 2.000, 12.000, "/m/07r4wb8,/m/07rjzl8,/m/09x0r"
2Jmod-IhdSM, 10.000, 20.000, "/m/01y3hg,/m/030rvx,/m/09x0r,/m/0c3f7m"
2JyASFniiYg, 50.000, 60.000, "/m/09x0r,/m/0c3f7m"
2K3uleg36qY, 50.000, 60.000, "/m/01y3hg"
2LorpXnJpYw, 0.000, 10.000, "/m/0c3f7m,/t/dd00125"
2NRDi8g-6Qk, 200.000, 210.000, "/m/01y3hg,/m/0c3f7m"
2OJGsYJ4LhM, 10.000, 20.000, "/m/01y3hg"
2VzvCtRDom8, 160.000, 170.000, "/m/07pp_mv,/m/0c3f7m"
2YJMfQdcVhY, 180.000, 190.000, "/m/09x0r,/m/0c3f7m"
2ZFRNQSHWkg, 30.000, 40.000, "/m/09x0r,/m/0c3f7m"
2Zq_TfMah_Q, 30.000, 40.000, "/m/07r4wb8"
2_YKXWzK_e4, 30.000, 40.000, "/m/0c3f7m"
2_xW5StkVaY, 30.000, 40.000, "/m/04rlf,/m/07qfr4h,/m/07r4wb8"
2cLoIAMnddw, 10.000, 20.000, "/m/07pp_mv,/m/09x0r,/m/0c3f7m,/t/dd00125"
2eqwsBYZ4lk, 30.000, 40.000, "/m/01y3hg,/m/030rvx,/m/09x0r"
2hNC1KWmclQ, 190.000, 200.000, "/m/09x0r,/m/0c3f7m"
2kBNsb79-kI, 80.000, 90.000, "/m/09x0r,/m/0c3f7m"
2ktJ9c53LpQ, 220.000, 230.000, "/m/01y3hg,/m/0c3f7m,/t/dd00125"
2mE6BPJhW3A, 30.000, 40.000, "/m/04rlf,/m/0c3f7m"
2mVpSvwMjzo, 100.000, 110.000, "/m/07r4wb8"
2macpFUgV7g, 70.000, 80.000, "/m/09x0r,/m/0c3f7m"
2qHI7OLuYbs, 0.000, 10.000, "/m/09x0r,/m/0c3f7m"
2sSEXmd4RL4, 7.000, 17.000, "/m/02dgv,/m/07r4wb8,/m/09x0r"
2tbsPcWCf98, 4.000, 14.000, "/m/07r4wb8,/m/07rjzl8"
2te27QX4auI, 30.000, 40.000, "/m/07qcpgn,/m/07r4wb8"
2x-bngOE29o, 30.000, 40.000, "/m/01y3hg,/m/09x0r"
2xXpSgqrtDE, 40.000, 50.000, "/m/03wwcy"
2xo20i_OZrM, 80.000, 90.000, "/m/03wwcy,/m/09x0r"
2xuqTLjNyaA, 40.000, 50.000, "/m/0c3f7m"
2y4NmcJ6_Ag, 560.000, 570.000, "/m/07r4wb8"
2yTAfCLLiRs, 30.000, 40.000, "/m/03wwcy,/m/07r67yg,/m/09x0r"
30p1vGnpD9U, 130.000, 140.000, "/m/09x0r,/m/0c3f7m"
31b14AATHh4, 40.000, 50.000, "/m/01y3hg"
327oxK8nDXs, 100.000, 110.000, "/m/03wwcy,/m/09x0r,/t/dd00125,/t/dd00128"
39PfIe5CrPU, 30.000, 40.000, "/m/03wwcy,/m/04rlf,/m/09x0r,/t/dd00125"
39SAZ_biV-M, 0.000, 10.000, "/m/04rlf,/m/09x0r,/m/0c3f7m"
3BcwNM72zcQ, 10.000, 20.000, "/m/03wwcy,/m/04rlf,/m/09x0r"
3ComHEFnxpQ, 0.000, 8.000, "/m/0c3f7m"
3EZkxpDYBdE, 140.000, 150.000, "/m/09x0r,/m/0c3f7m"
3FYFAeVoEkM, 30.000, 40.000, "/m/01y3hg,/m/09x0r,/m/0c3f7m"
3I248AdZa_g, 30.000, 40.000, "/m/07r4wb8"
3ISCUTeusjE, 70.000, 80.000, "/m/0c3f7m"
3KnomsL4BnA, 130.000, 140.000, "/m/0c3f7m"
3Q4wpIZjUzo, 100.000, 110.000, "/m/01y3hg,/m/09x0r,/m/0c3f7m"
3Q7NQ2ddnv4, 20.000, 30.000, "/m/0c3f7m"
3TMdvmGUWTs, 30.000, 40.000, "/m/01y3hg"
3XuDG-w0NB8, 0.000, 7.000, "/m/01y3hg"
3YxzXprgiA0, 22.000, 32.000, "/m/0c3f7m"
3ZrCn3Pujmo, 0.000, 10.000, "/m/0c3f7m"
3dG1KirUNtg, 210.000, 220.000, "/m/01y3hg,/m/0c3f7m"
3dnn1v0osio, 530.000, 540.000, "/m/03wwcy,/m/09x0r,/t/dd00125"
3fJxf2rM990, 300.000, 310.000, "/m/09x0r,/m/0c3f7m"
3kK9NzuMc5I, 30.000, 40.000, "/m/01y3hg,/m/0c3f7m"
3kKfwoe57Eg, 120.000, 130.000, "/m/09x0r,/m/0c3f7m"
3krtn_UDgPc, 230.000, 240.000, "/m/01y3hg,/m/09x0r"
3lCm7bb0Spo, 3.000, 13.000, "/m/02dgv,/m/07r4wb8,/m/09x0r"
3n5o7Kq2wTg, 21.000, 31.000, "/m/04rlf,/m/07r4wb8,/m/09x0r"
3pM2fk741u8, 0.000, 7.000, "/m/02dgv,/m/07r4wb8,/m/09x0r"
3qcV4fTEeb4, 300.000, 310.000, "/m/0c3f7m"
3rky5IrE0L8, 90.000, 100.000, "/m/0c3f7m"
3vY9TXRwM_c, 180.000, 190.000, "/m/0c3f7m"
3voXxKD88dU, 380.000, 390.000, "/m/07r4wb8,/m/09x0r"
3zZKyuJKYKc, 220.000, 230.000, "/m/01y3hg,/m/07pp_mv,/m/0c3f7m"
416LXKQCpQg, 110.000, 120.000, "/m/04rlf,/m/09x0r,/m/0c3f7m"
44U-fF5rsjM, 0.000, 10.000, "/m/03wwcy,/m/04rlf"
47g5m1VJc60, 13.000, 23.000, "/m/09x0r,/m/0c3f7m"
47qSxxYcghc, 0.000, 7.000, "/m/07r4wb8,/m/09x0r"
48mgDcIealE, 50.000, 60.000, "/m/0c3f7m,/t/dd00125"
49xSNN5s9BM, 180.000, 190.000, "/m/09x0r,/m/0c3f7m"
4EbnQaqBUnw, 30.000, 40.000, "/m/01y3hg,/m/02fs_r,/m/09x0r,/m/0c3f7m"
4HR7EgAsO_Q, 30.000, 40.000, "/m/02dgv,/m/02y_763,/m/07r4wb8"
4N7cWRe1o_M, 210.000, 220.000, "/m/01y3hg,/m/09x0r,/t/dd00125"
4Qlpx4p-iXU, 30.000, 40.000, "/m/01y3hg,/m/07pp_mv,/m/09x0r"
4TId8kDUeHQ, 510.000, 520.000, "/m/01y3hg,/m/09x0r"
4Y5bkGtsKhQ, 370.000, 380.000, "/m/07pp_mv,/m/09x0r,/m/0c3f7m"
4dXcz9B3sV8, 10.000, 20.000, "/m/0c3f7m"
4daBzjK33YA, 120.000, 130.000, "/m/01y3hg,/m/04rlf,/m/09x0r"
4fBmFbiqSOw, 30.000, 40.000, "/m/01y3hg,/m/09x0r"
4iYEmP6r4J8, 30.000, 40.000, "/m/0c3f7m"
4jIOXy71IcE, 30.000, 40.000, "/m/04rlf,/m/07r4wb8,/m/09x0r"
4kDN9reeXT0, 10.000, 20.000, "/m/01y3hg,/m/09x0r"
4oQdHNxBFFY, 20.000, 30.000, "/m/03wwcy,/m/04rlf,/m/09x0r"
4qlHf8VEJFE, 110.000, 120.000, "/m/0c3f7m"
4rWiHsfi9RM, 460.000, 470.000, "/m/07r4wb8"
4rXhabLHqew, 21.000, 31.000, "/m/01y3hg"
4t7ohAt0REk, 0.000, 10.000, "/m/0c3f7m"
4vLL7INP0VE, 10.000, 20.000, "/m/09x0r,/m/0c3f7m"
4wtYx-VZM7o, 180.000, 190.000, "/m/09x0r,/m/0c3f7m"
4xCbbgsE7IM, 30.000, 40.000, "/m/01y3hg,/m/030rvx,/m/09x0r"
52Usv8FcO0w, 30.000, 40.000, "/m/01bjv,/m/03wwcy,/m/07r67yg,/m/09x0r"
55ere14Kf0c, 560.000, 570.000, "/m/03wwcy"
56T5s1843Wc, 90.000, 100.000, "/m/01y3hg,/m/09x0r"
59c5ZsGXGZE, 10.000, 20.000, "/m/07r4wb8,/m/09x0r"
5DNmaYCRFGc, 180.000, 190.000, "/m/0c3f7m"
5Fh1JoGipC4, 0.000, 10.000, "/m/030rvx,/m/0c3f7m"
5GFWog3rkOo, 190.000, 200.000, "/m/0c3f7m"
5HJ2NutXPfI, 10.000, 20.000, "/m/0c3f7m"
5J-_16lbO3o, 150.000, 160.000, "/m/09x0r,/m/0c3f7m"
5Oh96kAA9Jg, 60.000, 70.000, "/m/030rvx,/m/0c3f7m"
5OqotgPe39E, 4.000, 14.000, "/m/01y3hg,/m/0c3f7m"
5QMVOaxcVmI, 120.000, 130.000, "/m/0c3f7m"
5UMWvLV5DGU, 40.000, 50.000, "/m/03wwcy"
5WzC9x-CSdI, 350.000, 360.000, "/m/09x0r,/m/0c3f7m"
5btdpmuP2vs, 250.000, 260.000, "/m/07pp_mv,/m/09x0r,/m/0c3f7m"
5cGK_9-HXoQ, 200.000, 210.000, "/m/01y3hg,/m/09x0r,/t/dd00127"
5gfwWPCdl7k, 20.000, 30.000, "/m/01y3hg"
5hL2U98IRI8, 200.000, 210.000, "/m/01y3hg"
5kKAWy5NkOc, 130.000, 140.000, "/m/09x0r,/m/0c3f7m,/t/dd00125"
5pNzHcUedVo, 10.000, 20.000, "/m/03wwcy,/m/04rlf"
5r_VBPd4Ir4, 350.000, 360.000, "/m/07r4wb8"
5yE65SICw1U, 260.000, 270.000, "/m/01y3hg"
6-figxwUQDo, 5.000, 15.000, "/m/02dgv,/m/07r4wb8,/m/09x0r"
60LwGkWKs50, 230.000, 240.000, "/m/07pp_mv,/m/0c3f7m"
61aze9XTCqs, 30.000, 40.000, "/m/07r4wb8,/m/09x0r"
64AHuTLREwA, 30.000, 40.000, "/m/01y3hg,/m/0c3f7m"
660AJ1w2pJ8, 30.000, 40.000, "/m/0c3f7m"
69k_Nljn7Ks, 30.000, 40.000, "/m/030rvx,/m/0c3f7m,/t/dd00125"
6CzgrjobyzQ, 30.000, 40.000, "/m/01y3hg,/m/04rlf,/m/09x0r"
6IhuhI1-5Qo, 30.000, 40.000, "/m/07r4wb8,/m/09x0r"
6Iw9O5JTXPQ, 27.000, 37.000, "/m/07r4wb8"
6KDvgIRdgeE, 110.000, 120.000, "/m/07r4wb8,/t/dd00126"
6LXQMQ3Cs0o, 30.000, 40.000, "/m/012ndj,/m/03kmc9,/m/0c3f7m"
6M6QPc7Pnig, 30.000, 40.000, "/m/07r4wb8,/m/09x0r"
6PFRLv2S4iU, 30.000, 40.000, "/m/02dgv,/m/07qcpgn,/m/07r4wb8,/m/09x0r"
6PrBwQNpLvo, 10.000, 20.000, "/m/03wwcy,/m/09x0r"
6Q9a3JnuDaA, 220.000, 230.000, "/m/06bz3,/m/07pp_mv,/m/09x0r,/m/0c3f7m"
6QebKObX1Ak, 10.000, 20.000, "/m/01y3hg,/m/0c3f7m"
6U8uPDEVpuU, 11.000, 21.000, "/m/01y3hg"
6VQuHBq0IXg, 30.000, 40.000, "/m/03wwcy,/m/04rlf,/m/09x0r,/m/0ytgt"
6VaO6nHexHk, 30.000, 40.000, "/m/04rlf,/m/07r4wb8"
6WJgOOohZ8M, 3.000, 13.000, "/m/07r4wb8,/m/09x0r"
6WVCDuA2BeE, 180.000, 190.000, "/m/0c3f7m"
6Wb4uV4DXm4, 330.000, 340.000, "/m/01y3hg,/m/0c3f7m"
6YkMqL4nsJM, 50.000, 60.000, "/m/01y3hg,/m/09x0r"
6ZJFbk7hgAs, 90.000, 100.000, "/m/09x0r,/m/0c3f7m,/t/dd00125"
6ZUkx7QysK8, 60.000, 70.000, "/m/01y3hg,/m/09x0r"
6_0UG_0OGiQ, 120.000, 130.000, "/m/04rlf,/m/07r4wb8"
6_YVILxtuHE, 40.000, 50.000, "/m/030rvx,/m/0c3f7m"
6aNA6pqmpd8, 0.000, 6.000, "/m/03wwcy"
6flPmESXNqQ, 0.000, 10.000, "/m/09x0r,/m/0c3f7m"
6m9RSmLeC6M, 40.000, 50.000, "/m/0c3f7m"
6px4xc_olnE, 440.000, 450.000, "/m/09x0r,/m/0c3f7m"
6s5ZfIFZ7lY, 30.000, 40.000, "/m/030rvx,/m/0c3f7m"
6vhtA_ZksEE, 0.000, 10.000, "/m/07r4wb8,/m/09x0r"
6z_4pAJDHkY, 140.000, 150.000, "/m/01y3hg,/m/09x0r"
73WLeECUDLI, 80.000, 90.000, "/m/01y3hg,/t/dd00125"
754elhLQHys, 340.000, 350.000, "/m/04rlf,/m/07r4wb8"
78Zjr9TBJkw, 180.000, 190.000, "/m/01y3hg,/m/07yv9"
7918DBBFAtM, 25.000, 35.000, "/m/01y3hg"
7HII0xcclAQ, 30.000, 40.000, "/m/01y3hg,/m/02fs_r,/m/0c3f7m"
7KxyL-Jllnw, 30.000, 40.000, "/m/01y3hg"
7L9K3qCtQT4, 210.000, 220.000, "/m/09x0r,/m/0c3f7m"
7QhLPIzJFgQ, 20.000, 30.000, "/m/07pp_mv,/m/0c3f7m"
7Rc9bJ9we7U, 0.000, 10.000, "/m/07pp_mv,/m/09x0r,/m/0c3f7m"
7X2PiR-u5po, 30.000, 40.000, "/m/04rlf,/m/07r4wb8"
7XC_fMXwKeo, 300.000, 310.000, "/m/01y3hg"
7XhWK4YJGpY, 30.000, 40.000, "/m/07r4wb8,/m/09x0r"
7Z10MvgEo68, 6.000, 16.000, "/m/09x0r,/m/0c3f7m"
7Z8Y1QuzCWU, 100.000, 110.000, "/m/09x0r,/m/0c3f7m"
7Zwgd6I1I8c, 30.000, 40.000, "/m/03wwcy,/m/04rlf,/m/09x0r"
7_MjnPGZb3g, 30.000, 40.000, "/m/09x0r,/m/0c3f7m"
7cHRSfbp7tc, 26.000, 36.000, "/m/02dgv,/m/07r4wb8,/m/09x0r"
7dCzhHT3Tao, 0.000, 8.000, "/m/09x0r,/m/0c3f7m"
7dUl2ElSXIo, 10.000, 20.000, "/m/07r4wb8,/m/09x0r"
7eC-wuYuebE, 390.000, 400.000, "/m/07pp_mv,/m/0c3f7m"
7eS9i_O3L4s, 110.000, 120.000, "/m/03wwcy,/m/09x0r"
7fGU8SFid9E, 130.000, 140.000, "/m/01hnzm,/m/03wwcy,/m/04rlf"
7fyEB8Xrm-s, 120.000, 130.000, "/m/01y3hg,/m/09x0r,/m/0c3f7m"
7ieIuvHFbDw, 100.000, 110.000, "/m/01y3hg"
7j8oLi7iQiI, 30.000, 40.000, "/m/02dgv,/m/068hy,/m/07r4wb8,/m/0bt9lr,/m/0jbk,/t/dd00136"
7jaYSwfqXyo, 0.000, 10.000, "/m/09x0r,/m/0c3f7m"
7lOpN1i12KQ, 30.000, 40.000, "/m/0c3f7m"
7mScDfYXRVI, 130.000, 140.000, "/m/01y3hg,/m/07pp_mv,/m/0c3f7m"
7qicY9TPo_M, 10.000, 20.000, "/m/01y3hg,/m/0c3f7m"
7r0NonCqIQ0, 80.000, 90.000, "/m/09x0r,/m/0c3f7m,/t/dd00125"
7rjAwGL6GIA, 30.000, 40.000, "/m/07qcpgn,/m/07r4wb8"
7sbjAbEvQkI, 20.000, 30.000, "/m/07r4wb8"
7vlUS5GtTh4, 240.000, 250.000, "/m/01y3hg,/m/02fs_r"
7wWlDkEa7dg, 30.000, 40.000, "/m/02dgv,/m/07r4wb8"
7xZMeong9uM, 20.000, 30.000, "/m/07r4wb8"
81ZF6b5nxn8, 0.000, 10.000, "/m/030rvx,/m/0c3f7m"
87LFO6J31iM, 30.000, 40.000, "/m/0c3f7m"
89KjUUeKlUo, 30.000, 40.000, "/m/02dgv,/m/02y_763,/m/07r4wb8"
8C-ypRLwV3I, 30.000, 40.000, "/m/07r4wb8,/m/09x0r"
8G0lpAu92Bg, 10.000, 20.000, "/m/02y_763,/m/04rlf,/m/07r4wb8"
8HEAEalSnno, 490.000, 500.000, "/m/07pp_mv,/m/09x0r,/m/0c3f7m"
8HqOjWyahzI, 20.000, 30.000, "/m/0c3f7m"
8JUUOBnZG-A, 50.000, 60.000, "/m/07r4wb8"
8JYVd2QFFN4, 22.000, 32.000, "/m/01y3hg,/m/04rlf,/m/09x0r"
8L2nBVRGqbQ, 250.000, 260.000, "/m/0c3f7m"
8PsL_gBuxew, 30.000, 40.000, "/m/01y3hg,/m/03kmc9"
8QCztHe9QDM, 440.000, 450.000, "/m/01y3hg,/t/dd00125"
8SaV1jDuNag, 30.000, 40.000, "/m/030rvx,/m/07pp_mv,/m/0c3f7m"
8To5mnLsPNQ, 0.000, 7.000, "/m/07r4wb8,/m/09x0r"
8UP2-q5vPg0, 90.000, 100.000, "/m/01y3hg,/m/09x0r"
8Uum8xLtpJI, 0.000, 10.000, "/m/01y3hg,/m/030rvx,/m/0c3f7m"
8Uza2J26VnE, 120.000, 130.000, "/m/0c3f7m"
8VPsFZg6E54, 120.000, 130.000, "/m/07pp_mv,/m/0c3f7m"
8WF4WNRwIp0, 40.000, 50.000, "/m/09x0r,/m/0c3f7m,/t/dd00125"
8YI0dt-GKPY, 22.000, 32.000, "/m/09x0r,/m/0c3f7m"
8_ZGlKbtKRg, 350.000, 360.000, "/m/03wwcy,/m/07r67yg,/m/09x0r"
8_rngTjf6t8, 30.000, 40.000, "/m/02dgv,/m/07r4wb8,/m/07rjzl8,/m/09x0r"
8clWo2RKdZI, 30.000, 40.000, "/m/01y3hg,/m/030rvx,/m/0c3f7m"
8dGGk_RzXnc, 50.000, 60.000, "/m/0c3f7m"
8fMnn6coUhQ, 0.000, 10.000, "/m/03wwcy,/m/04rlf,/m/05tny_,/m/068hy,/m/0bt9lr,/m/0jbk"
8hCqEwEzkfM, 170.000, 180.000, "/m/09x0r,/m/0c3f7m,/t/dd00127"
8n2I9d3NZH8, 7.000, 17.000, "/m/0c3f7m"
8nRp29GyvfM, 60.000, 70.000, "/m/01y3hg,/m/02fs_r,/m/09x0r,/t/dd00125"
8nn9_3rjlcE, 30.000, 40.000, "/m/030rvx,/m/0c3f7m"
8p_OQNXymTc, 20.000, 30.000, "/m/01y3hg,/m/09x0r,/m/0c3f7m"
8rojd48cf3Q, 40.000, 50.000, "/m/03wwcy,/m/07r67yg,/m/0c1dj"
8w6960vmk_A, 0.000, 10.000, "/m/07r4wb8,/t/dd00121"
8wFeTA5EI6U, 510.000, 520.000, "/m/09x0r,/m/0c3f7m"
94-JyO2vXfU, 60.000, 70.000, "/m/09x0r,/m/0c3f7m"
958kMDzyb1M, 3.000, 13.000, "/m/02dgv,/m/07r4wb8"
95UXWV3VZCs, 0.000, 10.000, "/m/09x0r,/m/0c3f7m"
97-00Q8PovE, 80.000, 90.000, "/m/01y3hg,/m/09x0r"
9Dci2M4yKHE, 4.000, 14.000, "/m/0c3f7m"
9EFUo4mT7uo, 30.000, 40.000, "/m/07r4wb8,/m/09x0r"
9HLIXzPvUgE, 210.000, 220.000, "/m/01y3hg"
9HX9a6llfY0, 0.000, 7.000, "/m/02dgv,/m/07r4wb8,/m/09x0r"
9IF2WssLfPk, 100.000, 110.000, "/m/01y3hg,/m/09x0r,/m/0ytgt"
9M6VaG6M7BM, 110.000, 120.000, "/m/07r4wb8,/m/09x0r"
9MqssX1p2gM, 65.000, 75.000, "/m/01y3hg"
9NPlvhz_OJg, 1.000, 11.000, "/m/01y3hg"
9PC6X2n0prI, 410.000, 420.000, "/m/07r4wb8"
9QEM0ThcgD4, 20.000, 30.000, "/m/03wwcy"
9YiNdMlaPRs, 470.000, 480.000, "/m/02zsn,/m/07r4wb8,/m/09x0r"
9YyBtV_A8YA, 290.000, 300.000, "/m/09x0r,/m/0c3f7m"
9_Pe-wbbehQ, 10.000, 20.000, "/m/0c3f7m"
9_xNgBdO1_g, 0.000, 10.000, "/m/01y3hg"
9bxrcu7lY1s, 22.000, 32.000, "/m/01y3hg,/m/02fs_r,/m/0c3f7m"
9fRdjx8P8EE, 0.000, 7.000, "/m/07r4wb8"
9gCfNKhR3-g, 30.000, 40.000, "/m/01y3hg,/m/03kmc9,/m/04qvtq,/m/0c3f7m"
9mZwtAODa38, 0.000, 3.000, "/m/03wwcy"
9uL1FNGA9vM, 70.000, 80.000, "/m/09x0r,/m/0c3f7m,/t/dd00125"
9vaPgmB2cwY, 0.000, 10.000, "/m/01y3hg"
9zWmlaj56pM, 60.000, 70.000, "/m/03wwcy,/m/09x0r"
A-lvHUqLh1A, 410.000, 420.000, "/m/09x0r,/m/0c3f7m"
A7MiA0E8RXA, 400.000, 410.000, "/m/09x0r,/m/0c3f7m"
AA4AWjpPYZA, 23.000, 33.000, "/m/01y3hg"
AGV-w74PviU, 30.000, 40.000, "/m/02dgv,/m/07r4wb8,/m/09x0r"
ALGnS3eAOCg, 230.000, 240.000, "/m/01y3hg,/m/030rvx,/m/09x0r,/t/dd00126"
ANtxdugb5EU, 210.000, 220.000, "/m/0c3f7m"
AQpmpzgr6cI, 220.000, 230.000, "/m/01y3hg,/m/0c3f7m"
AUArXB6hYsA, 0.000, 9.000, "/m/07r4wb8"
AVIaKgkjJf8, 52.000, 62.000, "/m/0c3f7m"
AWWWBD50XwE, 30.000, 40.000, "/m/0c3f7m"
AYLHs63HqzA, 30.000, 40.000, "/m/01y3hg,/m/02fs_r"
AYYvWh46AbU, 62.700, 72.700, "/m/01y3hg"
Aa9CLKVTxaQ, 20.000, 30.000, "/m/0c3f7m"
Ad0rGygHe4g, 170.000, 180.000, "/m/09x0r,/m/0c3f7m"
AdSsOTQ2S9o, 30.000, 40.000, "/m/07r4wb8,/m/09x0r"
AdW3WsQy7QY, 170.000, 180.000, "/m/02fs_r,/m/0c3f7m"
Aeay5FihBro, 110.000, 120.000, "/m/07r04,/m/07yv9,/m/0c3f7m"
Af_uFXzpQxg, 30.000, 40.000, "/m/02dgv,/m/07r4wb8,/m/09x0r"
AhGfwLnclsY, 60.000, 70.000, "/m/07pp_mv,/m/0c3f7m"
AhLLpzmP4ec, 0.000, 10.000, "/m/028v0c,/m/07r4wb8"
AhOUAGaPqjU, 50.000, 60.000, "/m/0c3f7m"
AhZzU4pY0TY, 30.000, 40.000, "/m/0c3f7m"
ArBjWe3IWs0, 130.000, 140.000, "/m/03wwcy,/m/09x0r"
ArfpBVgOf3o, 300.000, 310.000, "/m/0c3f7m"
Arla0JB2N9E, 430.000, 440.000, "/m/07r4wb8,/t/dd00125"
AurNAIrk33A, 0.000, 10.000, "/m/07r4wb8"
AwmzXYwIuQk, 0.000, 10.000, "/m/03wwcy"
AyfNnN2F7wA, 460.000, 470.000, "/m/04rlf,/m/07r4wb8,/m/0g293"
Ayp6zpiTu4Q, 100.000, 110.000, "/m/01j3sz,/m/01yrx,/m/068hy,/m/07r4wb8,/m/09x0r,/m/0jbk"
B-Dmu6vD8W8, 50.000, 60.000, "/m/07r4wb8,/m/09x0r"
B0eaCPauYQI, 30.000, 40.000, "/m/09x0r,/m/0c3f7m"
B4sYf4rvcLA, 30.000, 40.000, "/m/018w8,/m/07r4wb8,/m/0c1dj"
B8-k1aA4tvw, 30.000, 40.000, "/m/01y3hg,/m/09x0r,/m/0c3f7m"
B9RUAQn8_eQ, 0.000, 10.000, "/m/01y3hg,/m/04rlf"
B9XntQCc-CY, 150.000, 160.000, "/m/01y3hg,/m/09x0r,/t/dd00125"
BAtmz54LXec, 80.000, 90.000, "/m/01y3hg,/m/0c3f7m"
BBPovFD8J4c, 0.000, 9.000, "/m/07r4wb8"
BECGGMWVD68, 0.000, 7.000, "/m/07r4wb8,/m/09x0r"
BGXW2zRZOug, 30.000, 40.000, "/m/01y3hg,/m/09x0r"
BIGnP8iZ9u0, 30.000, 40.000, "/m/07r4wb8,/m/09x0r"
BIUoYnNLtmI, 30.000, 40.000, "/m/07r4wb8,/m/09x0r"
BKLbXlQpXCM, 30.000, 40.000, "/m/030rvx,/m/07pp_mv,/m/09x0r,/m/0c3f7m"
BMfIj0Z4PPA, 23.000, 33.000, "/m/04rlf,/m/07r4wb8"
BMhXVkAycMM, 30.000, 40.000, "/m/01y3hg"
BNbvx1j87ZY, 110.000, 120.000, "/m/07pp_mv,/m/09x0r,/m/0c3f7m"
BPTFJAnHWWY, 30.000, 40.000, "/m/01y3hg,/m/09x0r"
BQb5B2Qr01I, 30.000, 40.000, "/m/02dgv,/m/04rlf,/m/07r4wb8"
BRnPYH9WHSM, 30.000, 40.000, "/m/01y3hg,/m/02fs_r,/m/030rvx,/m/03kmc9,/m/0c3f7m"
BW_rrz7h0oA, 140.000, 150.000, "/m/0c3f7m"
BYDwnKJBTSo, 30.000, 40.000, "/m/01y3hg,/m/030rvx"
BYEc9L5kGKQ, 48.700, 58.700, "/m/0c3f7m"
BZPKBsweW0k, 30.000, 40.000, "/m/01yrx,/m/02dgv,/m/068hy,/m/07qrkrw,/m/07r4wb8,/m/0jbk"
B_l5G4P8tMk, 30.000, 40.000, "/m/01yrx,/m/068hy,/m/07qrkrw,/m/07r4wb8,/m/0jbk"
BbB_Gks17K0, 50.000, 60.000, "/m/07pp_mv,/m/09x0r,/m/0c3f7m"
BcUrwkum-nQ, 110.000, 120.000, "/m/0c3f7m"
Bf2_cZiMu1w, 30.000, 40.000, "/m/07r4wb8"
BfMFcQPe9bI, 80.000, 90.000, "/m/07pp_mv,/m/09x0r,/m/0c3f7m"
Bi-ZYLa6VcY, 160.000, 170.000, "/m/01y3hg"
BiJShpeg9Ak, 190.000, 200.000, "/m/09x0r,/m/0c3f7m"
BjkP5h6mHjc, 30.000, 40.000, "/m/02dgv,/m/02y_763,/m/07r4wb8,/m/09x0r"
BrBIXEB7sRY, 30.000, 40.000, "/m/02dgv,/m/07qcpgn,/m/07r4wb8"
Bti9omsVktU, 0.000, 6.000, "/m/02dgv,/m/07r4wb8,/m/09x0r"
BvuixPq8Zlg, 230.000, 240.000, "/m/0c3f7m"
Bw_ipXka2kA, 20.000, 30.000, "/m/03wwcy,/m/04rlf,/m/07r67yg"
Bx55sOjBGEw, 30.000, 40.000, "/m/01y3hg,/m/09x0r"
Byy7F7vM2eU, 10.000, 20.000, "/m/0c3f7m"
BzpRN_aHn-0, 410.000, 420.000, "/m/01y3hg,/m/09x0r,/m/0c3f7m"
C2VOE1ty_6A, 30.000, 40.000, "/m/01yrx,/m/068hy,/m/07qrkrw,/m/07r4wb8,/m/0jbk"
C3qZuY0JRXY, 40.000, 50.000, "/m/07pp_mv,/m/09x0r,/m/0c3f7m"
C5QkOJqg7n4, 490.000, 500.000, "/m/01y3hg,/m/09x0r"
C7L3sp5qcc8, 60.000, 70.000, "/m/0c3f7m"
CD9QpXuBBlM, 130.000, 140.000, "/m/03wwcy,/m/09x0r,/t/dd00125"
CDDLR8w2Nn8, 60.000, 70.000, "/m/0c3f7m,/t/dd00126"
CEFdqhSm4rk, 10.000, 20.000, "/m/0c3f7m"
CGAK2RZmmwU, 40.000, 50.000, "/m/0c3f7m"
CGNQI6Vqfk0, 150.000, 160.000, "/m/01y3hg"
CIHPyWV7piY, 30.000, 40.000, "/m/0c3f7m"
CLjPtgqOE4Y, 60.000, 70.000, "/m/01y3hg,/m/09x0r"
CM1Ov2fBHwE, 350.000, 360.000, "/m/09x0r,/m/0c3f7m"
CMwg5-CZseI, 180.000, 190.000, "/m/07pp_mv,/m/09x0r,/m/0c3f7m,/t/dd00125"
CN3nSRQFKmM, 10.000, 20.000, "/m/01y3hg,/m/030rvx,/m/0c3f7m,/t/dd00125"
CN4DcBT9WcE, 30.000, 40.000, "/m/06bz3,/m/09x0r,/m/0c3f7m,/t/dd00125"
CNEulhTaHfU, 0.000, 7.000, "/m/07r4wb8,/m/09x0r"
CNZjv4gN_KQ, 0.000, 10.000, "/m/0c3f7m"
CNv4jdW0p8E, 0.000, 10.000, "/m/04rlf,/m/07r4wb8"
CQXJmUEnE6c, 23.000, 33.000, "/m/02dgv,/m/07r4wb8,/m/09x0r"
CSSOg0qwtMw, 18.000, 28.000, "/m/04rlf,/m/07r4wb8,/m/09x0r"
CUVOmbK73Qs, 30.000, 40.000, "/m/04rlf,/m/07r4wb8"
CYW5E91apb0, 30.000, 40.000, "/m/04rlf,/m/07r4wb8,/m/09x0r"
CbMtMw1Fr_0, 10.000, 20.000, "/m/03wwcy,/m/04rlf"
CgH49HyoDjM, 290.000, 300.000, "/m/0c3f7m"
CmQbwCoETV4, 30.000, 40.000, "/m/02dgv,/m/07r4wb8,/m/09x0r"
CnrFcasxKkY, 110.000, 120.000, "/m/09x0r,/m/0c3f7m"
CoXEVTDJI-k, 26.000, 36.000, "/m/07pp_mv,/m/09x0r,/m/0c3f7m"
CrbCTTxZGYg, 28.000, 38.000, "/m/07r4wb8"
CvvvGRbF5mU, 30.000, 40.000, "/m/01z5f,/m/03wwcy,/m/068hy,/m/09x0r,/m/0bt9lr,/m/0jbk"
D1CHcHPD_FA, 16.000, 26.000, "/m/02dgv,/m/02y_763,/m/04rlf,/m/07r4wb8,/m/07rjzl8"
D1i_4jrUXng, 30.000, 40.000, "/m/0c3f7m"
D1lEWm3dPtM, 0.000, 10.000, "/m/0c3f7m"
D3DrWEQxa7A, 30.000, 40.000, "/m/07r4wb8"
D5uFcZOCmp4, 170.000, 180.000, "/m/03wwcy,/m/04rlf,/m/09x0r,/t/dd00126"
D6-8ANtTbXA, 92.000, 102.000, "/m/01y3hg"
DAi_5seHjF4, 30.000, 40.000, "/m/07r4wb8,/m/07yv9,/m/09x0r"
DGbDRGO2qEw, 90.000, 100.000, "/m/03wwcy,/m/09x0r,/t/dd00125"
DIZzmPwXzfY, 30.000, 40.000, "/m/01y3hg,/m/030rvx,/m/09x0r"
DUfww-VAuFI, 60.000, 70.000, "/m/09x0r,/m/0c3f7m,/t/dd00125"
DW1Wkj72mGA, 50.000, 60.000, "/m/01y3hg"
DXLIQ65iZAA, 90.000, 100.000, "/m/030rvx,/m/09x0r,/m/0c3f7m"
DXops1QGV90, 0.000, 10.000, "/m/02_nn,/m/04rlf,/m/07r4wb8"
DbEXIQJDtA8, 0.000, 8.000, "/m/02dgv,/m/07qcpgn,/m/07r4wb8,/m/07rjzl8,/m/09x0r"
Dd5F9fn46gI, 360.000, 370.000, "/m/07pp_mv,/m/0c3f7m"
DgVjy_yg0zc, 21.000, 31.000, "/m/07r4wb8,/m/09x0r"
DgyPGeuUwe0, 70.000, 80.000, "/m/04rlf,/m/07r4wb8,/m/09x0r"
DjRo6s8n5qA, 370.000, 380.000, "/m/01y3hg,/m/07pp_mv,/m/09x0r"
Djn-dlB0ei4, 180.000, 190.000, "/m/07pp_mv,/m/09x0r,/m/0c3f7m"
DnLgN7eWyUw, 30.000, 40.000, "/m/0c3f7m"
DoJsm_JkXqE, 0.000, 10.000, "/m/07pp_mv,/m/09x0r,/m/0c3f7m"
DptWWXVlKHw, 40.000, 50.000, "/m/07pp_mv,/m/09x0r,/m/0c3f7m"
DuCMwhtRyOM, 30.000, 40.000, "/m/07pp_mv,/m/0c3f7m"
DurNF2CeVCU, 30.000, 40.000, "/m/0c3f7m"
Dvl4eVhG4mo, 30.000, 40.000, "/m/03wwcy"
DyDAedMdpHw, 390.000, 400.000, "/m/03kmc9,/m/09x0r,/m/0c3f7m"
E0jIgWZgHOk, 20.000, 30.000, "/m/0c3f7m"
E6C-3XVCmfk, 0.000, 10.000, "/m/01bjv,/m/01y3hg,/m/07yv9"
E7FiGLdnR7w, 16.000, 26.000, "/m/07r4wb8"
E8Nl12GUy30, 30.000, 40.000, "/m/0c3f7m"
E8Yi41OgpWo, 0.000, 10.000, "/m/03wwcy,/m/04rlf"
E8uP94MIcgs, 30.000, 40.000, "/m/07pp_mv,/m/09x0r,/m/0c3f7m"
E8wij2OkxyQ, 30.000, 40.000, "/m/09x0r,/m/0c3f7m"
EB4nlpvvIqc, 30.000, 40.000, "/m/07pp_mv,/m/0c3f7m"
EC9SuSoHcZM, 0.000, 7.000, "/m/07r4wb8"
ECYSO3nGPTI, 0.000, 10.000, "/m/0c3f7m"
EGr1kjCw2zc, 30.000, 40.000, "/m/01y3hg,/m/04rlf"
EHGteGHp3XU, 30.000, 40.000, "/m/03wwcy"
EL3v64rTpG8, 0.000, 9.000, "/m/03wwcy,/m/09x0r"
EO8d4B2FwkY, 16.000, 26.000, "/m/07r4wb8,/m/07yv9,/m/09x0r"
ETxXgrdZYoA, 300.000, 310.000, "/m/01y3hg,/m/09x0r"
EWP18lDMrwM, 310.000, 320.000, "/m/0c3f7m"
EWa2xbLPY_w, 20.000, 30.000, "/m/01y3hg,/m/09x0r,/t/dd00125"
EXgFZCBZ18Y, 12.000, 22.000, "/m/07cx4,/m/0c3f7m"
EZCqTwek-nw, 160.000, 170.000, "/m/01y3hg"
EenFsKjpsQc, 200.000, 210.000, "/m/03wwcy,/m/09x0r,/t/dd00125"
EgSlyxBtnPg, 140.000, 150.000, "/m/01y3hg,/m/09x0r"
EiRPg6qbpSo, 70.000, 80.000, "/m/01y3hg,/m/04rlf,/m/09x0r,/t/dd00129"
Ek6oP8wxSOA, 30.000, 40.000, "/m/01y3hg,/m/07pp_mv,/m/09x0r,/t/dd00125"
ElsZ_COemuU, 30.000, 40.000, "/m/07r4wb8,/m/09x0r"
Eo_GAf6gW3M, 30.000, 40.000, "/m/02dgv,/m/02y_763,/m/07r4wb8,/m/09x0r"
EptushomUOc, 20.000, 30.000, "/m/0c3f7m"
EqCEkkd_c_I, 0.000, 10.000, "/m/03wwcy,/m/07r67yg"
ErmSOdi-Iqw, 50.000, 60.000, "/m/07pp_mv,/m/09x0r,/m/0c3f7m"
EvVmIF8s9og, 280.000, 290.000, "/m/01y3hg,/m/09x0r,/t/dd00125"
EwKKRbVhOIM, 0.000, 10.000, "/m/09x0r,/m/0c3f7m"
EybwVFGORSo, 370.000, 380.000, "/m/09x0r,/m/0c3f7m"
EzNDfAsENsY, 4.000, 14.000, "/m/07r4wb8"
F6UqvRpf6yA, 30.000, 40.000, "/m/02dgv,/m/04rlf,/m/07r4wb8"
F6i5H9my_mg, 160.000, 170.000, "/m/09x0r,/m/0c3f7m"
FAS1HHE_CCM, 30.000, 40.000, "/m/09x0r,/m/0c3f7m"
FD_AHY-4uaA, 80.000, 90.000, "/m/0c3f7m"
FDjPJcFb6kU, 30.000, 40.000, "/m/03kmc9,/m/0c3f7m"
FDzU9U9agNg, 110.000, 120.000, "/m/0c3f7m"
FE-c-jcJLL0, 40.000, 50.000, "/m/03wwcy,/m/04rlf,/m/07r67yg"
FKiCohteyYU, 30.000, 40.000, "/m/04rlf,/m/07qcpgn,/m/07r4wb8"
FLNsuh4w-PU, 10.000, 20.000, "/m/07pp_mv,/m/0c3f7m"
FNeGsTUVmq4, 180.000, 190.000, "/m/09x0r,/m/0c3f7m"
FPQpOUNaq_Y, 21.000, 31.000, "/m/0c3f7m"
FPWRfuPnpJ0, 0.000, 10.000, "/m/0c3f7m"
FRpa8M_jNgA, 230.000, 240.000, "/m/09x0r,/m/0c3f7m"
FRsh-K8A_ws, 10.000, 20.000, "/m/03wwcy,/m/07r67yg,/m/0c1dj"
FTA0TnNtGlM, 10.000, 20.000, "/m/02dgv,/m/030rvx,/m/0c3f7m"
FYSsz9K2g2U, 350.000, 360.000, "/m/01y3hg,/m/09x0r,/t/dd00125"
FbgYkzF8bAo, 10.000, 20.000, "/m/03wwcy,/m/04rlf"
FcyzPrdfFAU, 80.000, 90.000, "/m/09x0r,/m/0c3f7m"
Fd1ybe1fK4U, 0.000, 10.000, "/m/09x0r,/m/0c3f7m"
Fm44GEvIWK4, 4.000, 14.000, "/m/07r4wb8"
Fpzu3XM4ZxA, 30.000, 40.000, "/m/07r4wb8"
FtHuuUsUrMo, 10.000, 20.000, "/m/0c3f7m"
FxRGRQTiYD8, 260.000, 270.000, "/m/0c3f7m"
G2b7kS4Q9jM, 100.000, 110.000, "/m/0c3f7m"
G7STEcMSM5s, 18.000, 28.000, "/m/0c3f7m"
G7iq2AvQK1g, 23.000, 33.000, "/m/07r4wb8"
GA_xfkTgdnU, 90.000, 100.000, "/m/0c3f7m"
GFQbpoP_p1w, 30.000, 40.000, "/m/0c3f7m"
GG1bViX3a_s, 30.000, 40.000, "/m/02dgv,/m/07r4wb8"
GG5XSsexHGk, 370.000, 380.000, "/m/09x0r,/m/0c3f7m"
GHeqmaiyL-A, 9.000, 19.000, "/m/03wwcy"
GHmfG70GOR8, 0.000, 7.000, "/m/02dgv,/m/07r4wb8,/m/09x0r"
GJAOX03rELw, 0.000, 7.000, "/m/07r4wb8"
GLHUNDaGGwg, 30.000, 40.000, "/m/0c3f7m"
GO0G1Khh3R0, 10.000, 20.000, "/m/03wwcy,/m/09x0r"
GOtmAPjCWRA, 30.000, 40.000, "/m/09x0r,/m/0c3f7m"
GQ_yP4BHxt0, 30.000, 40.000, "/m/07r4wb8,/m/09x0r"
GQp_q1wY2zo, 14.000, 24.000, "/m/09x0r,/m/0c3f7m"
GSWybGaQQdc, 340.000, 350.000, "/m/09x0r,/m/0c3f7m"
GStlakHbgg8, 30.000, 40.000, "/m/04rlf,/m/07r4wb8"
G_bCM8ojBTc, 380.000, 390.000, "/m/03wwcy,/m/04rlf,/m/09x0r"
GaxrVD-Brbw, 22.000, 32.000, "/m/09x0r,/m/0c3f7m"
GgTEnuzP6uA, 90.000, 100.000, "/m/01y3hg,/m/09x0r"
GhKd7FGBqnA, 130.000, 140.000, "/m/01y3hg,/m/09x0r"
Gj51Xebm8LQ, 280.000, 290.000, "/m/02fs_r,/m/09x0r,/m/0c3f7m"
Gq0CHblLoqQ, 30.000, 40.000, "/m/0c3f7m"
GqrLHKd1_dk, 10.000, 20.000, "/m/09x0r,/m/0c3f7m"
GrVcqid0Yqg, 30.000, 40.000, "/m/01y3hg,/m/07pp_mv,/m/0c3f7m"
Gt_Hy1xVMn0, 200.000, 210.000, "/m/01y3hg,/m/04rlf,/t/dd00126"
GucKN7PEswA, 350.000, 360.000, "/m/09x0r,/m/0c3f7m"
Gv48mfKVTGA, 10.000, 20.000, "/m/03wwcy"
Gwd3m1GIm98, 80.000, 90.000, "/m/09x0r,/m/0c3f7m"
GzdcXHqEThQ, 70.000, 80.000, "/m/01y3hg,/m/0c3f7m"
H1gsd1JV730, 10.000, 20.000, "/m/04rlf,/m/0c3f7m"
H3QbjqMYqkk, 29.000, 39.000, "/m/09x0r,/m/0c3f7m"
H3wDttmT2Fw, 30.000, 40.000, "/m/09x0r,/m/0c3f7m"
H5MRGb0ndog, 30.000, 40.000, "/m/012ndj,/m/04qvtq,/m/04rlf,/m/09x0r,/m/0c3f7m"
H5x4vclZM8o, 300.000, 310.000, "/m/07pp_mv,/m/09x0r,/m/0c3f7m"
H80PZXPSbls, 80.000, 90.000, "/m/04rlf,/m/0c3f7m"
HD17EgbVpeI, 10.000, 20.000, "/m/09x0r,/m/0c3f7m"
HFmcPF0E7VI, 20.000, 30.000, "/m/09x0r,/m/0c3f7m"
HGo34Wa-TLI, 40.000, 50.000, "/m/0c3f7m"
HQMK2A-_iRI, 10.000, 20.000, "/m/0c3f7m"
HT7fW_DfUfI, 20.000, 30.000, "/m/030rvx,/m/0c3f7m"
HTKLaCdAQB4, 30.000, 40.000, "/m/09x0r,/m/0c3f7m"
HWQoxySBNWk, 0.000, 10.000, "/m/07pp_mv,/m/09x0r,/m/0c3f7m,/t/dd00126"
HXsjxU6E0-M, 20.000, 30.000, "/m/01y3hg,/m/09x0r"
HZFifquZKOg, 20.000, 30.000, "/m/03kmc9,/m/09x0r,/m/0c3f7m"
HhOJkjBkzzg, 90.000, 100.000, "/m/03wwcy,/m/04rlf,/m/09x0r"
HjwDaIoNbKg, 10.000, 20.000, "/m/01y3hg"
Hkltdxt_xt0, 0.000, 10.000, "/m/09x0r,/m/0c3f7m"
HkvuyG2OTOY, 160.000, 170.000, "/m/01y3hg,/m/02fs_r,/m/09x0r"
HoBWL3qAnGU, 350.000, 360.000, "/m/03wwcy,/t/dd00125"
HpUcoI5TXfE, 80.000, 90.000, "/m/03wwcy"
HtfXWNhIAIc, 80.000, 90.000, "/m/0c3f7m"
Hu0T_kaQWBc, 0.000, 10.000, "/m/01y3hg"
HujVRxj3Cbc, 40.000, 50.000, "/m/0c3f7m"
HzhA-Ir3PP4, 190.000, 200.000, "/m/01y3hg"
I-uouJ_Zsv4, 0.000, 10.000, "/m/03wwcy,/m/07r67yg,/m/09x0r,/t/dd00126"
I3kPmcHvMrg, 30.000, 40.000, "/m/01z5f,/m/03wwcy,/m/05tny_,/m/068hy,/m/07r67yg,/m/0bt9lr,/m/0jbk"
I5MljjKhsV0, 30.000, 40.000, "/m/030rvx,/m/0c3f7m"
I8WTwbL5trw, 80.000, 90.000, "/m/07pp_mv,/m/09x0r,/m/0c3f7m"
ICfYj0WKuqg, 30.000, 40.000, "/m/0c3f7m"
IDrS33tGhJo, 140.000, 150.000, "/m/03wwcy,/m/04rlf,/m/04szw"
IF2ny1hh76U, 30.000, 40.000, "/m/09x0r,/m/0c3f7m"
IFBhVVyqKVA, 0.000, 5.000, "/m/07r4wb8"
IHf52BfOqfE, 70.000, 80.000, "/m/01y3hg"
IJv3GeC64po, 180.000, 190.000, "/m/01y3hg,/m/09x0r"
IUGSyI9sqy8, 30.000, 40.000, "/m/07qcpgn,/m/07r4wb8"
I_qBcFL7rys, 0.000, 3.000, "/m/0395lw,/m/03wwcy"
IaAPFspK1GQ, 0.000, 10.000, "/m/0c3f7m,/t/dd00129"
IeZg924Zsks, 6.000, 16.000, "/m/02dgv,/m/07r4wb8"
IgCH6ovi68E, 60.000, 70.000, "/m/0c3f7m"
IiIt9ngEJk8, 200.000, 210.000, "/m/07pp_mv,/m/0c3f7m"
IkvAsg_oqFk, 220.000, 230.000, "/m/0c3f7m,/t/dd00125"
ImibfxlWSxY, 0.000, 10.000, "/m/01y3hg,/m/02fs_r,/m/030rvx"
Inm6OBa0kaA, 0.000, 10.000, "/m/01y3hg,/m/09x0r"
IoUt_7KjX-g, 7.000, 17.000, "/m/07r4wb8,/m/07rjzl8,/m/09x0r"
IoosP6XOZA0, 20.000, 30.000, "/m/09x0r,/m/0c3f7m"
IqQq5X0WhqI, 360.000, 370.000, "/m/0c3f7m"
IrKQEYdrmMc, 40.000, 50.000, "/m/0c3f7m"
IsHp7j2gKFw, 0.000, 10.000, "/m/05zppz,/m/09x0r,/m/0c3f7m"
IszNI9-3vKI, 60.000, 70.000, "/m/01y3hg,/m/0c3f7m"
ItpmFg1Yh38, 60.000, 70.000, "/m/03qtwd,/m/0c3f7m"
IwHtO-PUesE, 0.000, 10.000, "/m/01y3hg,/m/09x0r"
IxyLK6xKJx8, 170.000, 180.000, "/m/09x0r,/m/0c3f7m"
J1EO9afbq4U, 80.000, 90.000, "/m/03wwcy"
J1Qv0p8QsR8, 150.000, 160.000, "/m/03wwcy"
J6uwAKXTNEo, 30.000, 40.000, "/m/09x0r,/m/0c3f7m"
J9MTu80fc58, 0.000, 10.000, "/m/01y3hg"
JBLfmk0Jk0c, 180.000, 190.000, "/m/0c3f7m,/t/dd00126"
JM9hQsBcJ-4, 25.000, 35.000, "/m/01y3hg"
JMFhnXWAJLE, 30.000, 40.000, "/m/09x0r,/m/0c3f7m"
JMdtiTAHYgc, 0.000, 5.000, "/m/03wwcy"
JPTBkETjuxc, 10.000, 20.000, "/m/01y3hg,/m/07pp_mv"
JQplKcC6Ejw, 0.000, 10.000, "/m/03wwcy,/m/09x0r"
JSzhLJkgksk, 30.000, 40.000, "/m/09x0r,/m/0c3f7m"
JThDvQBA9m8, 30.000, 40.000, "/m/01y3hg,/m/04rlf,/m/09x0r"
JU7PS1d2Kic, 4.000, 14.000, "/m/0c3f7m"
JVWCDnuRFY0, 90.000, 100.000, "/m/07pp_mv,/m/09x0r,/m/0c3f7m"
JZ82xaUBcIY, 470.000, 480.000, "/m/09x0r,/m/0c3f7m"
JbS2B0x-S2A, 320.000, 330.000, "/m/09x0r,/m/0c3f7m"
JgdspFz2kOI, 180.000, 190.000, "/m/09x0r,/m/0c3f7m"
Jjc6u3T2SRw, 70.000, 80.000, "/m/03kmc9,/m/07pp_mv,/m/09x0r,/m/0c3f7m"
Jmt9zdbpXhg, 100.000, 110.000, "/m/0c3f7m"
JpiIx6TWfUI, 40.000, 50.000, "/m/09x0r,/m/0c3f7m"
JpxcqnzJxlE, 30.000, 40.000, "/m/09x0r,/m/0c3f7m"
JtShTyIkdoU, 10.000, 20.000, "/m/01y3hg"
K4VzXzZ7Ooo, 30.000, 40.000, "/m/030rvx,/m/0c3f7m"
K8KwgBniZrI, 230.000, 240.000, "/m/03wwcy"
K8glDhNlMYQ, 30.000, 40.000, "/m/01y3hg,/m/0dgbq"
K96-WN25Kfk, 10.000, 20.000, "/m/07pp_mv,/m/0c3f7m"
KCuV8z7oipo, 10.000, 20.000, "/m/0395lw,/m/0c3f7m"
KG872oPU5v8, 40.000, 50.000, "/m/01y3hg"
KGCdOPrJBZY, 30.000, 40.000, "/m/09x0r,/m/0c3f7m"
KK227gPpRn4, 30.000, 40.000, "/m/02dgv,/m/03wwcy,/m/04rlf,/m/09x0r"
KNQFi3nHzHI, 180.000, 190.000, "/m/0c3f7m"
KNY4yu5-7kg, 143.000, 153.000, "/m/09x0r,/m/0c3f7m"
KOauUYrIK40, 240.000, 250.000, "/m/01y3hg,/m/09x0r"
KPdYuZp4xMc, 21.000, 31.000, "/m/0c3f7m"
KVLP3U6D6FE, 30.000, 40.000, "/m/01y3hg,/m/02fs_r"
KVSIOOeEUaU, 60.000, 70.000, "/m/0c3f7m"
Kb6ApX3jokw, 60.000, 70.000, "/m/09x0r,/m/0c3f7m,/t/dd00125"
KdSI3jeQ86w, 310.000, 320.000, "/m/01y3hg,/m/09x0r,/t/dd00125"
Kl5yJwSHhcc, 20.000, 30.000, "/m/04rlf,/m/09x0r,/m/0c3f7m"
KzJl3gvLMeg, 20.000, 30.000, "/m/07r4wb8"
L37hC2C65_8, 30.000, 40.000, "/m/0c3f7m"
L455vziC_a0, 330.000, 340.000, "/m/01y3hg,/m/09x0r"
L5GYjKXyprI, 90.000, 100.000, "/m/01y3hg,/m/07pp_mv,/m/09x0r"
L7bzKI26Pek, 190.000, 200.000, "/m/03wwcy,/m/09x0r"
L9_QOpRG8s8, 0.000, 10.000, "/m/03wwcy"
L9cS68U1T7g, 100.000, 110.000, "/m/0c3f7m"
LAvzjP-geZg, 30.000, 40.000, "/m/01y3hg,/m/030rvx"
LC7aMetFUhg, 140.000, 150.000, "/m/07pp_mv,/m/09x0r,/m/0c3f7m"
LNfgdZZImfc, 30.000, 40.000, "/m/01y3hg,/m/0c3f7m"
LRJtF3goIMM, 30.000, 40.000, "/m/09x0r,/m/0c3f7m"
LYWpeBgdt44, 30.000, 40.000, "/m/02fs_r,/m/0c3f7m"
L_0W4TfWwNY, 0.000, 10.000, "/m/0c3f7m,/t/dd00125"
Lbmcf9iAFLs, 30.000, 40.000, "/m/03wwcy,/m/04rlf,/m/07r67yg,/m/09x0r"
Lc17Q6sGH48, 120.000, 130.000, "/m/07r4wb8,/t/dd00126"
Lgf99OrWOVM, 420.000, 430.000, "/m/03wwcy,/m/07r67yg,/m/0bt9lr,/m/0jbk"
LoG863LzdsM, 40.000, 50.000, "/m/01y3hg,/m/02fs_r"
LoYpA6JSngY, 460.000, 470.000, "/m/09x0r,/m/0c3f7m"
LpqJtM4eA9E, 20.000, 30.000, "/m/01y3hg"
LtMt-f7zSUU, 470.000, 480.000, "/m/09x0r,/m/0c3f7m"
LtWMvzRYgzw, 50.000, 60.000, "/m/0c3f7m"
Luokhm3terw, 290.000, 300.000, "/m/07r4wb8,/m/09x0r"
LxYTNanABHw, 260.000, 270.000, "/m/09x0r,/m/0c3f7m"
M-Ca-W-kvVU, 190.000, 200.000, "/m/09x0r,/m/0c3f7m"
M-WbEEKI7cY, 5.000, 15.000, "/m/01y3hg,/m/09x0r"
M-__IcMUXwc, 70.000, 80.000, "/m/03wwcy,/m/07r67yg"
M2Krl90_6hM, 30.000, 40.000, "/m/01y3hg,/m/0c3f7m"
M2QIAWAXZvQ, 60.000, 70.000, "/m/0c3f7m"
M3PYnhvMFJg, 30.000, 40.000, "/m/01y3hg,/m/09x0r"
M5UNmYX9nyc, 110.000, 120.000, "/m/09x0r,/m/0c3f7m"
M6eLjTo2jqQ, 10.000, 20.000, "/m/01y3hg"
M7YCz-WsQ7g, 230.000, 240.000, "/m/09x0r,/m/0c3f7m"
M9zAXlkkz0A, 30.000, 40.000, "/m/07r4wb8,/m/09x0r"
MBVOk4ikByc, 90.000, 100.000, "/m/09x0r,/m/0c3f7m"
MCA3wDXShgU, 0.000, 10.000, "/m/0c3f7m"
MF2hxT9su7A, 560.000, 570.000, "/m/09x0r,/m/0c3f7m"
MJlE3cA3cMo, 0.000, 10.000, "/m/0c3f7m"
MQImODJOrbM, 0.000, 10.000, "/m/07pp_mv,/m/09x0r,/m/0c3f7m"
MRHm-Z7jstg, 130.000, 140.000, "/m/01y3hg"
MUksgxwsiKE, 110.000, 120.000, "/m/09x0r,/m/0c3f7m"
MaMfDJzAsfc, 90.000, 100.000, "/m/07pp_mv,/m/0c3f7m"
MaxOwb_Wyo8, 30.000, 40.000, "/m/01y3hg,/m/0c3f7m"
MeI4ni_Ub-8, 20.000, 30.000, "/m/0c3f7m"
MiCaIVKM-Ds, 460.000, 470.000, "/m/01y3hg"
MkF2nVQypFM, 30.000, 40.000, "/m/03wwcy,/m/09x0r"
Mld-jSijvvE, 17.000, 27.000, "/m/01y3hg"
MmQV4hzuEiM, 18.000, 28.000, "/m/01y3hg,/m/04rlf,/m/09x0r"
MnJBhjd_9sE, 27.000, 37.000, "/m/01y3hg,/m/02fs_r"
MqGh7QTHnm8, 140.000, 150.000, "/m/07r4wb8,/m/09x0r"
Msy4mmS1DYc, 110.000, 120.000, "/m/03wwcy,/m/09x0r"
MuOtQtaM2gA, 290.000, 300.000, "/m/09x0r,/m/0c3f7m"
MzbGzzVyB2s, 0.000, 9.000, "/m/0c3f7m"
N1UHiTCPRyI, 150.000, 160.000, "/m/0c3f7m"
N1kgY9YAMQA, 10.000, 20.000, "/m/0c3f7m"
N29V2dfTs2w, 50.000, 60.000, "/m/09x0r,/m/0c3f7m"
N2kpNON2YxY, 10.000, 20.000, "/m/07pp_mv,/m/0c3f7m"
N4QzDWQEhYE, 250.000, 260.000, "/m/01y3hg,/m/09x0r"
N6FZjEQQ9gs, 0.000, 10.000, "/m/07r4wb8,/m/09x0r"
N83KBYttKuE, 20.000, 30.000, "/m/09x0r,/m/0c3f7m"
N8lqrPSpZp4, 120.000, 130.000, "/m/03wwcy,/m/09x0r,/t/dd00126"
NEJJBsoFsrQ, 90.000, 100.000, "/m/03wwcy,/m/04rlf"
NIEXRkOlPJk, 30.000, 40.000, "/m/01y3hg,/m/0c3f7m"
NIqStNe4Dwc, 20.000, 30.000, "/m/07r4wb8"
NMmjlr5EEiI, 30.000, 40.000, "/m/01y3hg,/m/04rlf,/m/09x0r"
NSt0n7jvFKA, 100.000, 110.000, "/m/0c3f7m"
NTb-DuLvOB8, 30.000, 40.000, "/m/0c3f7m"
NVw83w-oYYw, 10.000, 20.000, "/m/01y3hg,/m/030rvx"
N_2rUqaULIU, 20.000, 30.000, "/m/0c3f7m"
N_yYM1bmV00, 70.000, 80.000, "/m/07pp_mv,/m/09x0r,/m/0c3f7m"
NbPmNpBBq1s, 30.000, 40.000, "/m/01y3hg"
Nbmc0U5HPl0, 170.000, 180.000, "/m/0c3f7m"
NeZ635wKLsE, 90.000, 100.000, "/m/07pp_mv,/m/09x0r,/m/0c3f7m"
NenlHQJ8xwk, 160.000, 170.000, "/m/01y3hg"
NgB2oHlNaxw, 170.000, 180.000, "/m/01y3hg,/m/09x0r"
Nh1ucbQ2EHY, 20.000, 30.000, "/m/09x0r,/m/0c3f7m"
NhICU7yddyA, 110.000, 120.000, "/m/030rvx,/m/09x0r,/m/0c3f7m"
Ni79i-5PfA4, 500.000, 510.000, "/m/01y3hg,/m/09x0r,/m/0c3f7m"
No3cFFKv-7A, 230.000, 240.000, "/m/09x0r,/m/0c3f7m"
NoUOW3UrVMg, 160.000, 170.000, "/m/07pp_mv,/m/0c3f7m"
NoxL_hQ5_oA, 170.000, 180.000, "/m/01y3hg,/m/09x0r"
NqGQkAQQWhw, 50.000, 60.000, "/m/07pp_mv,/m/09x0r,/m/0c3f7m"
NthIhmXQHM4, 140.000, 150.000, "/m/030rvx,/m/09x0r,/m/0c3f7m"
NurVkIihudk, 160.000, 170.000, "/m/01y3hg"
NyT8rRl6nd8, 8.000, 18.000, "/m/0c3f7m"
NzYpRtkqZj4, 30.000, 40.000, "/m/09x0r,/m/0c3f7m"
O-PdPmAw5X8, 390.000, 400.000, "/m/01y3hg"
O0fVWR7V-AU, 280.000, 290.000, "/m/09x0r,/m/0c3f7m"
O1hQioHZ_FA, 30.000, 40.000, "/m/03wwcy,/m/09x0r"
O8MSD706FEQ, 230.000, 240.000, "/m/03wwcy,/m/09x0r,/t/dd00125"
O8zkm5frBBs, 310.000, 320.000, "/m/09x0r,/m/0c3f7m"
OBiVY-WotRc, 30.000, 40.000, "/m/01y3hg,/m/09x0r"
ONWBTiUy4To, 120.000, 130.000, "/m/01y3hg,/m/09x0r"
OSDRCsHcq-Y, 0.000, 3.000, "/m/07r4wb8"
OToAhZjp22s, 80.000, 90.000, "/m/0c3f7m"
OXa3PfiST64, 70.000, 80.000, "/m/07r4wb8"
OYjLr3BQaTs, 30.000, 40.000, "/m/01y3hg,/m/04rlf,/m/09x0r"
O_vz1fEFF_Y, 60.000, 70.000, "/m/07r4wb8"
OfSYUsdgcBE, 30.000, 40.000, "/m/09x0r,/m/0c3f7m"
OgNck7iHeg8, 10.000, 20.000, "/m/09x0r,/m/0c3f7m"
OgYgPcFI8kc, 0.000, 10.000, "/m/07r4wb8"
Oho1y8UjtP8, 0.000, 10.000, "/m/07pp_mv,/m/09x0r,/m/0c3f7m"
OiQkOOtu4yU, 270.000, 280.000, "/m/0c3f7m"
OlGqWXxOVcY, 0.000, 10.000, "/m/01y3hg,/m/0c3f7m"
OlI2fmSWG8Y, 130.000, 140.000, "/m/09x0r,/m/0c3f7m"
On8gD9gTM7w, 19.000, 29.000, "/m/02dgv,/m/07r4wb8"
OnImXzvrKMg, 150.000, 160.000, "/m/07pp_mv,/m/09x0r,/m/0c3f7m"
OsK6qOTnJdA, 100.000, 110.000, "/m/09x0r,/m/0c3f7m"
OtoBeBD-zcQ, 0.000, 8.000, "/m/01y3hg,/m/07pp_mv"
OynGnPoW9qk, 230.000, 240.000, "/m/0c3f7m"
P-svHk3eMiU, 60.000, 70.000, "/m/02dgv,/m/03wwcy,/m/09x0r"
P2gW3SUSK78, 120.000, 130.000, "/m/0c3f7m"
P61MTy5HPAY, 30.000, 40.000, "/m/0c3f7m"
P6nnNLrOQDA, 20.000, 30.000, "/m/0c3f7m"
P7rl7vZq794, 570.000, 580.000, "/m/07pp_mv,/m/09x0r,/m/0c3f7m"
P9-NQGSdDQ4, 0.000, 10.000, "/m/04rlf,/m/0c3f7m"
P900eyYudeg, 30.000, 40.000, "/m/03wwcy,/m/07r67yg,/m/09x0r"
PAmNTUjc0G8, 80.000, 90.000, "/m/01y3hg,/m/09x0r"
PEEsu0oJQpo, 0.000, 10.000, "/m/09x0r,/m/0c3f7m"
PFJ7yY9U_7A, 70.000, 80.000, "/m/01y3hg"
PHzZWzRRb7I, 240.000, 250.000, "/m/07pp_mv,/m/0c3f7m"
PLMkwNLI7as, 30.000, 40.000, "/m/01y3hg,/m/09x0r"
PNmL2XMpZcM, 30.000, 40.000, "/m/0c3f7m"
PQMwAnCaGiE, 40.000, 50.000, "/m/01y3hg"
PSelITJ2vzs, 0.000, 10.000, "/m/01y3hg,/m/09x0r,/t/dd00125"
Pa2v9HabTFg, 60.000, 70.000, "/m/0c3f7m"
Pd5Ub_tFci8, 250.000, 260.000, "/m/01y3hg,/m/09x0r,/t/dd00125"
Pf5LBZxdgj4, 290.000, 300.000, "/m/09x0r,/m/0c3f7m"
PhIJJWROn5Q, 220.000, 230.000, "/m/01y3hg,/m/030rvx,/m/07pp_mv,/m/09x0r"
PpKpwTI1REQ, 410.000, 420.000, "/m/03wwcy,/m/04rlf"
PuM-No5a2rA, 40.000, 50.000, "/m/07pp_mv,/m/0c3f7m"
Pv2ibVqZq6M, 30.000, 40.000, "/m/01y3hg,/m/09x0r"
PvVIHStwS1o, 220.000, 230.000, "/m/09x0r,/m/0c3f7m"
Q0LHcXcO6y8, 60.000, 70.000, "/m/0395lw,/m/03wwcy,/m/046dlr"
Q1ixSDf4VgA, 30.000, 40.000, "/m/01y3hg,/m/04rlf,/m/09x0r"
Q2G7rwCx5sc, 40.000, 50.000, "/m/0c3f7m"
Q3Q7a-d2lV8, 20.000, 30.000, "/m/03wwcy,/m/09x0r,/t/dd00125"
Q9Ir7jsaihE, 7.000, 17.000, "/m/0c3f7m"
Q9qGvtK8bBs, 10.000, 20.000, "/m/09x0r,/m/0c3f7m"
QF8pQxnYBYg, 21.000, 31.000, "/m/01y3hg"
QHoilZkGhD0, 8.000, 18.000, "/m/0c3f7m"
QNiBnMlfT2U, 20.000, 30.000, "/m/030rvx,/m/07pp_mv,/m/0c3f7m,/t/dd00125"
QOm6SG_Iq_I, 280.000, 290.000, "/m/0c3f7m"
QRBD2TjXpcc, 0.000, 10.000, "/m/01y3hg"
QVJ0NATvxHI, 50.000, 60.000, "/m/09x0r,/m/0c3f7m"
QVN3HxVPcoQ, 70.000, 80.000, "/m/01y3hg,/m/0c3f7m"
QW0LXEG4UjM, 230.000, 240.000, "/m/01y3hg,/m/09x0r"
QW66bi56Wr4, 40.000, 50.000, "/m/07pp_mv,/m/0c3f7m"
Q_db0UotL0M, 40.000, 50.000, "/m/07pp_mv,/m/0c3f7m"
QdUvhlcjCSY, 220.000, 230.000, "/m/0c3f7m"
QiRp3As2-mY, 280.000, 290.000, "/m/07r4wb8"
Ql6A_GMX6E4, 10.000, 20.000, "/m/09x0r,/m/0c3f7m"
Qn_hNL16xcw, 30.000, 40.000, "/m/04rlf,/m/085jw,/m/0c3f7m"
QotJpRI2Co8, 310.000, 320.000, "/m/09x0r,/m/0c3f7m"
QpvnuqeZg9U, 20.000, 30.000, "/m/0c3f7m"
R2oEPZi6ZTs, 0.000, 3.000, "/m/07r4wb8"
RAfqjEaDG0g, 200.000, 210.000, "/m/01y3hg,/m/09x0r"
RCnG5T9PO-s, 80.000, 90.000, "/m/03wwcy,/m/09x0r,/t/dd00125"
RGrbrGRTLWE, 10.000, 20.000, "/m/0c3f7m"
RJL0Lx2KcRw, 30.000, 40.000, "/m/0c3f7m"
RLhQfM6QDis, 0.000, 10.000, "/m/0c3f7m"
RSo_EFbrVtw, 17.000, 27.000, "/m/01y3hg,/m/030rvx,/m/0c3f7m"
RVoFRijuRdo, 20.000, 30.000, "/m/01y3hg"
RVpr28UDGPc, 170.000, 180.000, "/m/03wwcy"
R_eiwPAip6E, 10.000, 20.000, "/m/0c3f7m"
RaWpqtw4Jig, 0.000, 10.000, "/m/0c3f7m"
Ri0vScq2odc, 40.000, 50.000, "/m/07pp_mv,/m/0c3f7m"
RijNoOe086k, 290.000, 300.000, "/m/0c3f7m"
RkH_-TYgMRk, 530.000, 540.000, "/m/01y3hg,/m/09x0r"
Rkahmt2nN3c, 10.000, 20.000, "/m/03wwcy,/m/04rlf"
RlILBQ2s9tM, 0.000, 10.000, "/m/03wwcy,/m/04rlf,/m/09x0r"
RlwIW_OAvns, 30.000, 40.000, "/m/01y3hg,/m/09x0r"
Rq6dML0xavA, 30.000, 40.000, "/m/01y3hg"
RqcZR5Z4rHg, 140.000, 150.000, "/m/09x0r,/m/0c3f7m"
RqigMgkEmHw, 170.000, 180.000, "/m/0c3f7m"
RwMSiW02zBk, 140.000, 150.000, "/m/01y3hg,/m/07pp_mv,/m/09x0r"
Ry6ZcrHXMCY, 150.000, 160.000, "/m/01y3hg,/m/09x0r"
RyB_PJrkeeA, 30.000, 40.000, "/m/09x0r,/m/0c3f7m"
RytmiJyl0rY, 40.000, 50.000, "/m/01y3hg,/m/09x0r"
RzxOif-w7mE, 0.000, 10.000, "/m/03wwcy,/m/09x0r,/t/dd00125"
S2BHqzyCIas, 50.000, 60.000, "/m/0c3f7m"
S809D6y0IB4, 270.000, 280.000, "/m/03wwcy,/m/09x0r,/t/dd00125"
SA0tLDhr3eY, 130.000, 140.000, "/m/030rvx,/m/09x0r,/m/0c3f7m"
SBu3AIxkVDQ, 80.000, 90.000, "/m/01y3hg"
SEKE6mRlRdM, 100.000, 110.000, "/m/09x0r,/m/0c3f7m"
SJrnbMTgKg0, 30.000, 40.000, "/m/01y3hg"
SLLeWfAkE14, 120.000, 130.000, "/m/09x0r,/m/0c3f7m"
SLiQOGg-E5g, 30.000, 40.000, "/m/0c3f7m"
SOt5M676njQ, 170.000, 180.000, "/m/07r4wb8,/m/09x0r"
SWmnsYqy58Y, 30.000, 40.000, "/m/07pp_mv,/m/0c3f7m"
SYk_wSGNc6M, 1.000, 11.000, "/m/01y3hg,/m/09x0r"
S_4v4qM9aMc, 10.000, 20.000, "/m/07pp_mv,/m/0c3f7m"
Sb0N-XshN-c, 410.000, 420.000, "/m/03wwcy,/m/04rlf,/m/09x0r,/t/dd00125"
SfrZaeaqhJ4, 0.000, 3.000, "/m/07r4wb8"
Sfw4IhBPgaY, 500.000, 510.000, "/m/01y3hg"
SgA097CMMZg, 160.000, 170.000, "/m/09x0r,/m/0c3f7m"
Sgbfq9K3Lqs, 30.000, 40.000, "/m/03wwcy,/m/09x0r"
SpqNADWbedU, 180.000, 190.000, "/m/01y3hg,/m/09x0r"
SqlbIZ5FTVI, 9.000, 19.000, "/m/0c3f7m"
Su-tKCOeko4, 560.000, 570.000, "/m/01y3hg,/m/030rvx,/m/09x0r"
Sv3dZSK5qoA, 0.000, 10.000, "/m/01y3hg,/m/09x0r"
SvQMHBlYfLQ, 0.000, 10.000, "/m/01y3hg,/m/09x0r"
SwvCrEDL0IA, 10.000, 20.000, "/m/01y3hg,/m/09x0r,/m/0c3f7m"
SxA2qGPF3-E, 40.000, 50.000, "/m/07r4wb8"
T700t-S_IWY, 330.000, 340.000, "/m/04rlf,/m/0c3f7m"
TBRCGNMQoTg, 21.000, 31.000, "/m/01y3hg,/m/07pp_mv,/m/09x0r"
THiqvTMdGIc, 290.000, 300.000, "/m/01y3hg,/m/09x0r"
TKVa0LCoKRk, 300.000, 310.000, "/m/09x0r,/m/0c3f7m"
TLs3b0dV8Ew, 10.000, 20.000, "/m/03wwcy"
TQ9X6k3mLSA, 40.000, 50.000, "/m/03wwcy,/m/09x0r"
TTgWshASL8Y, 10.000, 20.000, "/m/03wwcy,/m/068hy,/m/07r67yg,/m/0bt9lr,/m/0jbk"
TTxOyJm_edY, 155.000, 165.000, "/m/01y3hg,/m/09x0r,/m/0c3f7m"
TYAYyHR9rsU, 160.000, 170.000, "/m/0c3f7m"
Tao8jDafrxs, 450.000, 460.000, "/m/09x0r,/m/0c3f7m"
Tgp484iUwEg, 190.000, 200.000, "/m/03wwcy"
TnZ84Mfdf_M, 150.000, 160.000, "/m/01y3hg"
Tt70dUDQHQo, 250.000, 260.000, "/m/01y3hg,/m/02fs_r,/m/09x0r,/t/dd00125"
TyX8YrDfR_I, 0.000, 10.000, "/m/0c3f7m"
U-rQYAYxue4, 0.000, 10.000, "/m/07pp_mv,/m/09x0r,/m/0c3f7m"
U10g6Ou2A58, 10.000, 20.000, "/m/03wwcy,/m/04rlf,/m/07r67yg"
U15qm_gMwzw, 580.000, 590.000, "/m/09x0r,/m/0c3f7m"
U1ljYxCJ3tM, 280.000, 290.000, "/m/07r4wb8"
U2GSb_w2e2Q, 290.000, 300.000, "/m/01y3hg,/m/07pp_mv,/m/09x0r"
U2lbyjlYOaQ, 0.000, 10.000, "/m/01y3hg"
U8ukFvErE4k, 20.000, 30.000, "/m/09x0r,/m/0c3f7m"
UC7I-baXTIo, 250.000, 260.000, "/m/07pp_mv,/m/0c3f7m"
UFi3hPJsAzY, 70.000, 80.000, "/m/01y3hg,/m/09x0r"
UH32kJ33izk, 290.000, 300.000, "/m/09x0r,/m/0c3f7m"
UHoWTof833g, 510.000, 520.000, "/m/09x0r,/m/0c3f7m"
UIclky2dPV4, 70.000, 80.000, "/m/07r4wb8"
UJBsYbbI4Yg, 140.000, 150.000, "/m/03wwcy"
UKUs82k3ZDg, 110.000, 120.000, "/m/0c3f7m"
ULMWqKxEmMQ, 0.000, 10.000, "/m/0c3f7m"
ULXMaD_Drn4, 280.000, 290.000, "/m/09x0r,/m/0c3f7m"
UQ4Ebe2tgHs, 10.000, 20.000, "/m/0c3f7m"
UZkZrWFjrnM, 110.000, 120.000, "/m/03wwcy,/m/04rlf"
U_YNGkCQ8bQ, 20.000, 30.000, "/m/01y3hg,/m/07pp_mv"
UdH13zOPNFw, 50.000, 60.000, "/m/0c3f7m"
UdNhJEJU9RU, 170.000, 180.000, "/m/01y3hg,/m/04rlf,/m/09x0r,/t/dd00126"
UeJUfzlzQno, 21.000, 31.000, "/m/01y3hg,/m/09x0r"
UegzUCAFD1s, 260.000, 270.000, "/m/09x0r,/m/0c3f7m"
UgHi6OHhmoI, 140.000, 150.000, "/m/0c3f7m"
UgNXyPSpnKI, 10.000, 20.000, "/m/03wwcy,/m/04rlf"
UhrqWmzFf8A, 60.000, 70.000, "/m/03wwcy,/m/09x0r,/t/dd00128"
UopyFZS2LsE, 20.000, 30.000, "/m/07r4wb8"
Ury37sbc0sE, 30.000, 40.000, "/m/03wwcy,/m/09x0r"
Ut0zBxryXlo, 150.000, 160.000, "/m/03wwcy,/m/09x0r"
UwqNcZ_b_Js, 240.000, 250.000, "/m/03wwcy,/m/09x0r"
V0H1J5Umung, 10.000, 20.000, "/m/09x0r,/m/0c3f7m"
V1oOrUoccmg, 0.000, 10.000, "/m/0c3f7m"
V2FuraJKqPI, 180.000, 190.000, "/m/01y3hg,/m/09x0r,/t/dd00125"
V2ihYSr9MUA, 150.000, 160.000, "/m/01y3hg"
VFrfgmhcrc0, 16.000, 26.000, "/m/0c3f7m"
VG9LQqm7g2E, 70.000, 80.000, "/m/01y3hg,/m/09x0r"
VGd9e2cSBWI, 0.000, 10.000, "/m/09x0r,/m/0c3f7m"
VK9uFm_fj9g, 40.000, 50.000, "/m/07pp_mv,/m/0c3f7m"
VMOa2kyjlPE, 170.000, 180.000, "/m/09x0r,/m/0c3f7m,/t/dd00125"
VNmcvyuaC8o, 210.000, 220.000, "/m/07pp_mv,/m/0c3f7m"
VOBDGzHtnrA, 90.000, 100.000, "/m/09x0r,/m/0c3f7m"
VSVZVvhjv5A, 28.000, 38.000, "/m/01y3hg"
VTvozFyB-qg, 26.000, 36.000, "/m/09x0r,/m/0c3f7m"
VVJOjfAY0ec, 40.000, 50.000, "/m/03wwcy,/m/04rlf,/m/09x0r"
VXVuWhara_o, 60.000, 70.000, "/m/03wwcy"
VY4SQn0zWjc, 200.000, 210.000, "/m/0c3f7m"
VZ_glJ6TL2k, 16.000, 26.000, "/m/01y3hg,/m/09x0r"
Vafgccb1ubk, 320.000, 330.000, "/m/03wwcy,/m/09x0r"
VlyJGHukNiM, 70.000, 80.000, "/m/03wwcy,/m/09x0r"
Vp2BsPfQF-A, 0.000, 10.000, "/m/09x0r,/m/0c3f7m"
Vq3QadgugHE, 0.000, 10.000, "/m/07pp_mv,/m/0c3f7m"
Vr0xaXAXC5U, 140.000, 150.000, "/m/01y3hg"
VsfrkyVK5D0, 30.000, 40.000, "/m/01y3hg,/m/09x0r"
VuOlfnYwy3s, 30.000, 40.000, "/m/0c3f7m"
VzerJLe2JJ4, 70.000, 80.000, "/m/01y3hg,/m/09x0r,/m/0fx9l"
W-tKQRqCVS0, 30.000, 40.000, "/m/0c3f7m"
W0uh_rBExlo, 0.000, 10.000, "/m/0c3f7m"
W1zM4cR5LQs, 10.000, 20.000, "/m/0c3f7m"
W4BH2tp_e2Q, 30.000, 40.000, "/m/01y3hg,/m/09x0r,/m/0k5j"
W6ST7oYkjWk, 30.000, 40.000, "/m/0c3f7m"
W8JWZymEiws, 30.000, 40.000, "/m/09x0r,/m/0c3f7m"
W8YpiKsInPw, 10.000, 20.000, "/m/07r4wb8"
W9aT6tHnFko, 30.000, 40.000, "/m/0c3f7m"
WHYBa4HMhQQ, 20.000, 30.000, "/m/0c3f7m"
WInDyX5fxIQ, 10.000, 20.000, "/m/09x0r,/m/0c3f7m"
WIqJwtarmNE, 80.000, 90.000, "/m/09x0r,/m/0c3f7m,/t/dd00126"
WN5P3-7X8lE, 40.000, 50.000, "/m/0c3f7m"
WNoCLQLm3l0, 26.000, 36.000, "/m/0c3f7m"
WOREQC70Mdc, 140.000, 150.000, "/m/03wwcy,/m/09x0r,/t/dd00125"
WP8aI1IXNCQ, 0.000, 5.000, "/m/03wwcy"
WYOkw22pRYU, 250.000, 260.000, "/m/01y3hg,/m/028v0c,/m/09x0r,/t/dd00129"
WYffSArCLLM, 70.000, 80.000, "/m/01y3hg,/m/04rlf,/m/09x0r"
W_HhkSI07ms, 340.000, 350.000, "/m/01y3hg,/m/09x0r,/m/0c3f7m,/t/dd00125"
W_UrewNPU6A, 10.000, 20.000, "/m/0c3f7m"
WbKZiDhWFm8, 30.000, 40.000, "/m/02fs_r,/m/0c3f7m"
Wcu3nUmWr6A, 30.000, 40.000, "/m/01y3hg"
WlEfdsx0teM, 70.000, 80.000, "/m/01y3hg,/m/09x0r,/t/dd00125"
WmOE-cfIJe0, 8.000, 18.000, "/m/03wwcy,/m/04rlf,/m/09x0r"
WoJZGEcrHjM, 50.000, 60.000, "/m/09x0r,/m/0c3f7m"
WqcY4EIxu6w, 0.000, 10.000, "/m/09x0r,/m/0c3f7m"
Wu7BojFMqgE, 80.000, 90.000, "/m/0c3f7m"
WxaWmr1kdXQ, 60.000, 70.000, "/m/0c3f7m"
X0iT0v_e_DA, 250.000, 260.000, "/m/01y3hg"
X4hxalY3qkw, 580.000, 590.000, "/m/09x0r,/m/0c3f7m"
X6yjmPJUowI, 16.000, 26.000, "/m/0c3f7m"
X8DaEnWEXqg, 80.000, 90.000, "/m/09x0r,/m/0c3f7m"
XClteeif6e8, 200.000, 210.000, "/m/01y3hg,/m/09x0r,/t/dd00125"
XCu5fyQT4CA, 570.000, 580.000, "/m/09x0r,/m/0c3f7m"
XDRSkPiZef8, 180.000, 190.000, "/m/01y3hg,/m/09x0r,/t/dd00125"
XGEecZOj5wU, 30.000, 40.000, "/m/030rvx,/m/0c3f7m"
XGiW7jvmasw, 420.000, 430.000, "/m/03wwcy,/m/09x0r,/t/dd00125"
XMNbKYex3j4, 140.000, 150.000, "/m/07pp_mv,/m/0c3f7m"
XPOzJe4yY-o, 130.000, 140.000, "/m/01y3hg,/t/dd00125"
XSIvoTfs0LY, 170.000, 180.000, "/m/01y3hg,/m/04rlf"
XYsMsBsXFqs, 20.000, 30.000, "/m/01y3hg,/t/dd00125"
XZdfUOq5URc, 40.000, 50.000, "/m/0c3f7m"
XZiuCfXko-I, 100.000, 110.000, "/m/09x0r,/m/0c3f7m"
XdX7JD_7xEE, 280.000, 290.000, "/m/01y3hg"
XhOyxzAwNkM, 50.000, 60.000, "/m/07r4wb8"
XiterO28QNg, 80.000, 90.000, "/m/01y3hg,/m/09x0r"
Xiu_VGdKi4o, 0.000, 4.000, "/m/03wwcy"
Xk1SAcqbnBw, 30.000, 40.000, "/m/07r4wb8,/m/09x0r"
Xmwt7nLRa6w, 110.000, 120.000, "/m/07pp_mv,/m/09x0r,/m/0c3f7m"
XnADwIQO-VY, 100.000, 110.000, "/m/01y3hg"
Xo-8TFdOzf4, 70.000, 80.000, "/m/01y3hg"
XohlrY1nZEk, 320.000, 330.000, "/m/03wwcy,/m/09x0r"
XuQCBN2WtjM, 240.000, 250.000, "/m/09x0r,/m/0c3f7m"
XuTt61TkdzQ, 220.000, 230.000, "/m/01y3hg"
XwTzGSMIJsY, 0.000, 10.000, "/m/0c3f7m"
XzKP2q6WPMU, 30.000, 40.000, "/m/01y3hg,/m/07pp_mv,/m/09x0r"
Y-3holRqM5s, 61.000, 71.000, "/m/03wwcy,/m/04rlf"
Y07cLiwtxgc, 380.000, 390.000, "/m/09x0r,/m/0c3f7m"
Y3Wh8HtuGDA, 50.000, 60.000, "/m/09x0r,/m/0c3f7m"
Y4o8R37lsOs, 30.000, 40.000, "/m/0c3f7m"
Y5Z_QkEC1oE, 120.000, 130.000, "/m/0c3f7m"
Y8gO6E0t5io, 50.000, 60.000, "/m/09x0r,/m/0c3f7m"
YCoWHIEAlOs, 110.000, 120.000, "/m/01y3hg,/m/0c3f7m"
YEFciE7dtqU, 160.000, 170.000, "/m/07pp_mv,/m/0c3f7m"
YEKUbajRSLA, 30.000, 40.000, "/m/0c3f7m"
YJXgDVRM4cU, 0.000, 10.000, "/m/03wwcy,/m/07r67yg"
YKhWvXblhPQ, 20.000, 30.000, "/m/09x0r,/m/0c3f7m"
YN2pWQATSbs, 50.000, 60.000, "/m/09x0r,/m/0c3f7m"
YNruw62tpO4, 140.000, 150.000, "/m/09x0r,/m/0c3f7m"
YPEtGXY30Ow, 21.000, 31.000, "/m/01y3hg"
YRa5tjnFOf0, 100.000, 110.000, "/m/09x0r,/m/0c3f7m,/t/dd00125"
YTdVeMwwYkY, 11.000, 21.000, "/m/03wwcy,/m/04rlf,/m/04szw"
YZbVsMOmu-g, 0.000, 10.000, "/m/07pp_mv,/m/0c3f7m"
YaTkV4qCqQc, 19.000, 29.000, "/m/03wwcy,/m/09x0r"
YdYBcb_-ihU, 19.000, 29.000, "/m/01y3hg"
YdZY8fwrrdQ, 40.000, 50.000, "/m/01y3hg"
YfLaiTkOBRE, 21.000, 31.000, "/m/01y3hg,/m/04rlf,/m/09x0r"
Yfx69eTiVSc, 11.000, 21.000, "/m/01y3hg"
YiUFR5KU2gc, 0.000, 10.000, "/m/02qldy,/m/09x0r,/m/0c3f7m"
YmsNoKDfWUE, 120.000, 130.000, "/m/01y3hg,/m/07pp_mv,/m/09x0r"
Yr80YDKhGBk, 80.000, 90.000, "/m/0c3f7m"
YtFgxeBzQdg, 70.000, 80.000, "/m/07pp_mv,/m/09x0r,/m/0c3f7m"
YzylenmRMT4, 100.000, 110.000, "/m/09x0r,/m/0c3f7m"
Z3tJdZo4GZE, 9.000, 19.000, "/m/01y3hg"
Z5cC_nEvtmo, 20.000, 30.000, "/m/0c3f7m"
Z6a5JnGvwoQ, 30.000, 40.000, "/m/01y3hg,/m/09x0r,/m/0fx9l"
Z7WDu-jdPY0, 270.000, 280.000, "/m/01y3hg,/m/02fs_r,/m/0c3f7m"
ZDxoinMcZj0, 30.000, 40.000, "/m/01y3hg,/m/0c3f7m"
ZFmyeuE40I8, 500.000, 510.000, "/m/03wwcy,/m/09x0r"
ZL_TRynRQFQ, 120.000, 130.000, "/m/01y3hg,/m/09x0r"
ZOZfdPknXyQ, 30.000, 40.000, "/m/030rvx,/m/0c3f7m"
ZQ0OfMZRPGM, 10.000, 20.000, "/m/07r4wb8"
ZWvESjqRN-E, 140.000, 150.000, "/m/09x0r,/m/0c3f7m"
ZX6kVfCPE8U, 4.000, 14.000, "/m/01y3hg"
Zaa39FDq0wA, 60.000, 70.000, "/m/04rlf,/m/09x0r,/m/0c3f7m"
Zg6mpzwbf5Y, 350.000, 360.000, "/m/0c3f7m"
ZizCKm2p2kY, 20.000, 30.000, "/m/01y3hg"
ZkLqM5c8vbc, 320.000, 330.000, "/m/04rlf,/m/09x0r,/m/0c3f7m"
ZmO3Vq1aStQ, 0.000, 10.000, "/m/03wwcy,/m/04rlf"
Zub0gYFPmY8, 80.000, 90.000, "/m/0c3f7m"
ZwQxt4wbtGw, 60.000, 70.000, "/m/01y3hg,/m/09x0r"
ZxiYXXj6UMc, 30.000, 40.000, "/m/01y3hg,/m/02fs_r"
Zz8LyqplxBg, 70.000, 80.000, "/m/0c3f7m"
_-IQhtBUiPI, 60.000, 70.000, "/m/03wwcy,/m/04rlf"
_1iMd7ulDn4, 10.000, 20.000, "/m/030rvx,/m/0c3f7m"
_CZzm6jUxbo, 30.000, 40.000, "/m/03wwcy,/m/09x0r"
_EAppGBJJ9g, 0.000, 10.000, "/m/03wwcy,/m/07jdr,/m/07yv9,/m/09x0r"
_HDolAn2_us, 60.000, 70.000, "/m/03wwcy,/m/09x0r"
_K1XNxEIraA, 220.000, 230.000, "/m/0c3f7m"
_KNIJQJ-CHA, 30.000, 40.000, "/m/03wwcy,/m/04rlf"
_MnW1-VUHZM, 350.000, 360.000, "/m/01y3hg,/m/09x0r,/m/0c3f7m"
_Se78wWT1no, 0.000, 10.000, "/m/01y3hg,/m/09x0r"
_WhuGYtGfNw, 60.000, 70.000, "/m/01y3hg,/m/09x0r"
_YBSeSRddvg, 110.000, 120.000, "/m/03wwcy,/m/04rlf"
_YENxL_hCP4, 50.000, 60.000, "/m/07r4wb8"
_YoIeZgxdAI, 0.000, 10.000, "/m/03wwcy,/m/0bt9lr,/m/0jbk"
_ZEu2koz9Yk, 140.000, 150.000, "/m/04rlf,/m/07r4wb8,/m/09x0r"
_cmTzWhI-uI, 40.000, 50.000, "/m/09x0r,/m/0c3f7m"
_mroZHtnqsM, 250.000, 260.000, "/m/01y3hg,/m/09x0r,/t/dd00125"
_oiZ9F6EVtw, 130.000, 140.000, "/m/03wwcy,/m/04rlf,/m/09x0r"
_uC0E6Wij4U, 430.000, 440.000, "/m/01y3hg,/m/09x0r,/m/0fx9l,/t/dd00125"
_zE7gPNd_PI, 60.000, 70.000, "/m/03wwcy"
a1NH3dIgq8U, 150.000, 160.000, "/m/09x0r,/m/0c3f7m"
aCTxA_O_g8I, 140.000, 150.000, "/m/0c3f7m"
aCVJyp88tpM, 150.000, 160.000, "/m/03wwcy"
aE9DzvnIjI0, 4.000, 14.000, "/m/09x0r,/m/0c3f7m"
aEkd3uTBHHs, 0.000, 10.000, "/m/01y3hg"
aIeog_IkSXg, 20.000, 30.000, "/m/04rlf,/m/09x0r,/m/0c3f7m,/t/dd00125"
aLxNnC5uIjo, 180.000, 190.000, "/m/09x0r,/m/0c3f7m"
aNtFAO18v68, 70.000, 80.000, "/m/01y3hg"
aQDVR-L8JhQ, 160.000, 170.000, "/m/01y3hg"
aT1RnmYqqxA, 30.000, 40.000, "/m/014zdl,/m/03wwcy,/m/09x0r,/t/dd00125"
aV_iW2RKfpU, 0.000, 9.000, "/m/02fs_r,/m/046dlr,/m/0c3f7m"
aXNUxdFzM14, 50.000, 60.000, "/m/04rlf,/m/07r4wb8"
aagz3b91Wqk, 90.000, 100.000, "/m/09x0r,/m/0c3f7m,/t/dd00125"
abTPRP0_F-A, 180.000, 190.000, "/m/03wwcy,/m/09x0r"
abowtShD9J8, 380.000, 390.000, "/m/01y3hg,/m/09x0r,/t/dd00125"
adLVPwt3sMU, 560.000, 570.000, "/m/01y3hg"
aeDem1G2mYQ, 180.000, 190.000, "/m/0c3f7m"
aeEdZ2Pd7Mo, 10.000, 20.000, "/m/03wwcy,/m/09x0r"
aeqor0OsgEo, 10.000, 20.000, "/m/01y3hg"
ahgl4N5NYYI, 10.000, 20.000, "/m/07r4wb8,/m/0chx_"
aq4AoJ0PlHI, 0.000, 10.000, "/m/03wwcy,/m/04rlf,/m/09x0r"
auOZa1JEjIA, 20.000, 30.000, "/m/0c3f7m"
b2o_IFW-9HQ, 2.000, 12.000, "/m/03wwcy,/m/04rlf"
b3mydJxLxU8, 280.000, 290.000, "/m/09x0r,/m/0c3f7m"
b5iS_w2s9n4, 510.000, 520.000, "/m/07pp_mv,/m/09x0r,/m/0c3f7m"
b6mpHUSkt7Q, 20.000, 30.000, "/m/0c3f7m,/t/dd00125"
b7rGRMn-_ss, 20.000, 30.000, "/m/01y3hg,/m/09x0r"
b9Ea6VbpKrs, 10.000, 20.000, "/m/0c3f7m"
bGeK675EKmM, 140.000, 150.000, "/m/03wwcy,/m/04rlf,/m/09x0r"
bLe0AmKB8fY, 560.000, 570.000, "/m/03wwcy,/m/04rlf,/m/09x0r"
bRUUPDD_nSQ, 22.000, 32.000, "/m/03wwcy,/m/04rlf,/m/09x0r"
bSlXuZCoQQQ, 10.000, 20.000, "/m/0c3f7m"
bWppskIvs40, 20.000, 30.000, "/m/07r4wb8"
bYrAgid0OnY, 40.000, 50.000, "/m/01y3hg,/m/09x0r"
bZLzkmiHN5o, 130.000, 140.000, "/m/09x0r,/m/0c3f7m,/t/dd00125"
beGQSHoBomk, 30.000, 40.000, "/m/0c3f7m"
bgSZodzLNaQ, 340.000, 350.000, "/m/09x0r,/m/0c3f7m"
bkONnNO9C30, 30.000, 40.000, "/m/030rvx,/m/09x0r,/m/0c3f7m"
bm0xs7iYwo4, 60.000, 70.000, "/m/03wwcy,/m/09x0r"
brzab0nsZQs, 20.000, 30.000, "/m/01y3hg,/m/04rlf"
buhTWOSutJw, 30.000, 40.000, "/m/03wwcy,/m/04rlf,/m/07r67yg"
bvRTmLsmNl0, 30.000, 40.000, "/m/01y3hg,/m/09x0r"
byoQSyAuqEM, 190.000, 200.000, "/m/01y3hg,/m/04rlf,/m/09x0r,/t/dd00127"
c-zcGrokF-I, 30.000, 40.000, "/m/07pbtc8,/m/07r4wb8,/t/dd00129"
c05Rw-i6UsY, 30.000, 40.000, "/m/03wwcy,/m/04rlf"
c1-9WDxRRFo, 60.000, 70.000, "/m/01y3hg,/m/09x0r"
c30PHNAX7Gc, 290.000, 300.000, "/m/09x0r,/m/0c3f7m"
c3DeH74NZqw, 580.000, 590.000, "/m/09x0r,/m/0c3f7m"
c6d3C4d_POY, 30.000, 40.000, "/m/02fs_r,/m/030rvx,/m/0c3f7m"
c7DjT-J8Jeo, 0.000, 10.000, "/m/01y3hg"
c7ehwoj5vUE, 590.000, 600.000, "/m/09x0r,/m/0c3f7m"
c7rAitgz6js, 150.000, 160.000, "/m/0c3f7m"
c8CwGE0y-to, 140.000, 150.000, "/m/09x0r,/m/0c3f7m"
cESnsniN0n4, 52.000, 62.000, "/m/0c3f7m"
cGWHsTypfP0, 170.000, 180.000, "/m/01y3hg,/m/030rvx,/m/0c3f7m"
cHFboceRRLI, 310.000, 320.000, "/m/07pp_mv,/m/0c3f7m"
cPvKoxltlP8, 50.000, 60.000, "/m/0c3f7m"
cScLM6Xp2JI, 0.000, 10.000, "/m/09x0r,/m/0c3f7m"
cXqSnVsyR9g, 30.000, 40.000, "/m/01y3hg,/m/0c3f7m"
cXxM_85cTQ8, 30.000, 40.000, "/m/030rvx,/m/0c3f7m"
cY7It5ykWEc, 310.000, 320.000, "/m/0c3f7m"
c_tSKcOIPjM, 400.000, 410.000, "/m/030rvx,/m/0c3f7m"
ceXQQu2evEs, 100.000, 110.000, "/m/01y3hg,/m/07yv9,/m/0k4j"
ce_EfI1iIfg, 10.000, 20.000, "/m/09x0r,/m/0c3f7m"
ci7o-IzNRhk, 10.000, 20.000, "/m/07pp_mv,/m/0c3f7m"
ciB9lqyjlkw, 20.000, 30.000, "/m/01y3hg"
coLpDcqgNOs, 280.000, 290.000, "/m/01y3hg"
cpteHvyy0IA, 0.000, 10.000, "/m/01y3hg,/m/04rlf,/t/dd00125"
crsgiPp6RZ0, 160.000, 170.000, "/m/0c3f7m"
csC6E7oZygI, 1.000, 11.000, "/m/01hnzm,/m/07r4wb8,/m/09x0r"
ctaPi_F6Ays, 30.000, 40.000, "/m/01y3hg,/m/09x0r"
cyOhUps9T8A, 30.000, 40.000, "/m/01y3hg,/m/07yv9,/m/0k4j,/t/dd00129"
d-D-0rJYu8c, 0.000, 10.000, "/m/01y3hg,/m/09x0r"
d1rRFwjP5fk, 40.000, 50.000, "/m/07pp_mv,/m/09x0r,/m/0c3f7m"
d6Pa4mFUN74, 0.000, 4.000, "/m/03wwcy"
d86YYbaFeRc, 30.000, 40.000, "/m/03wwcy,/m/07r67yg,/m/09x0r"
dCZ2RK2AXvA, 10.000, 20.000, "/m/01y3hg,/m/0c3f7m"
dFpBFmvY9HY, 10.000, 20.000, "/m/01y3hg,/m/09x0r"
dGsD9qbVrm8, 210.000, 220.000, "/m/0c3f7m"
dLfcNbZnDR8, 50.000, 60.000, "/m/07r4wb8,/m/09x0r"
dLph6WnJB8k, 510.000, 520.000, "/m/01y3hg,/m/030rvx,/m/09x0r"
dNuVh5U3S-c, 20.000, 30.000, "/m/01y3hg,/m/07s02z0"
dP0zt2UP80s, 560.000, 570.000, "/m/03wwcy,/m/09x0r,/t/dd00126"
dPLgYfXXClE, 10.000, 20.000, "/m/0c3f7m"
dQFG_V-LvEM, 30.000, 40.000, "/m/01y3hg"
dQk9hQrcLwA, 20.000, 30.000, "/m/0c3f7m,/t/dd00125"
dTd5-mdKHJ4, 40.000, 50.000, "/m/0c3f7m"
dThllytHszc, 80.000, 90.000, "/m/09x0r,/m/0c3f7m"
dUHCTE6eQXA, 250.000, 260.000, "/m/0c3f7m"
db-TSWJBfpY, 30.000, 40.000, "/m/01y3hg,/m/09x0r,/m/0c3f7m"
dbJxCQDd7dk, 70.000, 80.000, "/m/01bjv,/m/07yv9,/m/0c3f7m"
diG60tHVEGc, 0.000, 10.000, "/m/07r4wb8"
dr7qwPIK4-w, 190.000, 200.000, "/m/0c3f7m"
e0cGR8OojpQ, 90.000, 100.000, "/m/09x0r,/m/0c3f7m"
e2_Zr29smD8, 460.000, 470.000, "/m/09x0r,/m/0c3f7m"
e39O6phcY9Q, 120.000, 130.000, "/m/01y3hg,/m/09x0r,/m/0c3f7m"
e5oid8HTvLU, 80.000, 90.000, "/m/0c3f7m"
e84nCgFH7YI, 30.000, 40.000, "/m/01y3hg,/m/04rlf,/m/09x0r"
eAvmyu9TSx0, 160.000, 170.000, "/m/01y3hg"
eEmJUrTF4Zw, 20.000, 30.000, "/m/01y3hg"
eHOKqIoFvdI, 30.000, 40.000, "/m/01y3hg,/m/0k4j"
eJOThh1c1NE, 50.000, 60.000, "/m/09x0r,/m/0c3f7m"
eSlzowm0I94, 500.000, 510.000, "/m/01y3hg,/m/09x0r,/t/dd00125"
eUw5JADu-0I, 420.000, 430.000, "/m/0c3f7m"
eV7fOiTTYyA, 3.000, 13.000, "/m/03wwcy,/m/04rlf"
ebAgNSsrFx0, 570.000, 580.000, "/m/09x0r,/m/0c3f7m"
ebTCkmi59EE, 10.000, 20.000, "/m/0c3f7m"
ebmQGC3AJ08, 100.000, 110.000, "/m/09x0r,/m/0c3f7m"
eoaBwloezVg, 12.000, 22.000, "/m/07r4wb8"
eqlP9_HNy68, 0.000, 10.000, "/m/03wwcy,/m/09x0r,/t/dd00125"
f3G3Sw4oBRg, 30.000, 40.000, "/m/0c3f7m"
f3dd8aie9gw, 3.000, 13.000, "/m/0c3f7m"
f5wevZSCR2E, 23.000, 33.000, "/m/0c3f7m"
f95mN91Xvr8, 30.000, 40.000, "/m/01y3hg,/m/09x0r"
f9tIspoaqgY, 10.000, 20.000, "/m/09x0r,/m/0c3f7m"
fDHfMcVro58, 21.000, 31.000, "/m/07r4wb8"
fG1MTPUKxyA, 280.000, 290.000, "/m/01y3hg"
fGN5_WdTY7A, 400.000, 410.000, "/m/01y3hg,/m/09x0r"
fIyS0VWiZ38, 270.000, 280.000, "/m/01y3hg,/m/09x0r,/m/0c3f7m"
fM6FYxaDupw, 100.000, 110.000, "/m/09x0r,/m/0c3f7m"
fP5ERbFK4BE, 10.000, 20.000, "/m/03wwcy,/m/09x0r,/t/dd00125"
fRrc-zniZ_c, 90.000, 100.000, "/m/01y3hg,/m/0c3f7m"
fZa2IazST04, 10.000, 20.000, "/m/0c3f7m"
fjcfhE22AVQ, 540.000, 550.000, "/m/03wwcy"
fmmk_dTmzig, 30.000, 40.000, "/m/01y3hg,/m/030rvx"
fn338PccJ_E, 280.000, 290.000, "/m/09x0r,/m/0c3f7m"
fnkD_Zlm3mE, 0.000, 10.000, "/m/07r4wb8,/m/09x0r,/t/dd00129"
fpmw9XEZ66A, 10.000, 20.000, "/m/01y3hg"
fvWTVXCuwjo, 220.000, 230.000, "/m/01y3hg,/m/09x0r,/m/0c3f7m"
fx-Vnz0YxSA, 200.000, 210.000, "/m/03wwcy,/m/09x0r"
fxfQFaScq0E, 300.000, 310.000, "/m/04rlf,/m/09x0r,/m/0c3f7m"
fy7c6lRCa4k, 20.000, 30.000, "/m/0c3f7m,/m/0g6b5,/t/dd00128"
fzWDklwOZfI, 290.000, 300.000, "/m/09x0r,/m/0c3f7m"
g3eBrowsgs0, 30.000, 40.000, "/m/01y3hg"
g6O67bSs7eg, 180.000, 190.000, "/m/04rlf,/m/09x0r,/m/0c3f7m"
gCw4rzde2mg, 30.000, 40.000, "/m/01y3hg,/m/02fs_r,/m/030rvx"
gGEMLjm8FNI, 10.000, 20.000, "/m/0c3f7m"
gMsdNAHbiaQ, 30.000, 40.000, "/m/04rlf,/m/0c3f7m"
gOaTjfwBkFs, 240.000, 250.000, "/m/01y3hg,/m/09x0r"
gVEJMvFmiac, 100.000, 110.000, "/m/07r4wb8"
g_DmgD9nGhA, 100.000, 110.000, "/m/0c3f7m"
g_ooq4WhytE, 100.000, 110.000, "/m/01y3hg,/m/09x0r"
gatKfKqTDss, 190.000, 200.000, "/m/07r4wb8"
gbuC5O7Ix8Y, 530.000, 540.000, "/m/09x0r,/m/0c3f7m"
gjTcoYdpgJ0, 60.000, 70.000, "/m/03wwcy"
gjbncB9kLeM, 10.000, 20.000, "/m/0c3f7m"
guQwU8X2IrY, 0.000, 10.000, "/m/03wwcy,/m/09x0r,/t/dd00125"
gzzIGpLfF7o, 20.000, 30.000, "/m/0c3f7m"
h-Vi_2554xU, 350.000, 360.000, "/m/0c3f7m"
h-nuN3iZfaM, 10.000, 20.000, "/m/07r4wb8"
h3flzwW-g_U, 160.000, 170.000, "/m/01y3hg"
h3nCFhCncK0, 0.000, 10.000, "/m/07r4wb8,/m/09x0r"
h9aWukGZR7w, 70.000, 80.000, "/m/09x0r,/m/0c3f7m"
h9oEGPGf1ew, 100.000, 110.000, "/m/01y3hg,/m/0c3f7m"
hFfBqE3wtEk, 420.000, 430.000, "/m/01y3hg,/m/09x0r"
hI1Sjq02Mw4, 160.000, 170.000, "/m/07pp_mv,/m/0c3f7m"
hImjLkapYr0, 290.000, 300.000, "/m/07pp_mv,/m/09x0r,/m/0c3f7m"
hJbz6DsF4w4, 16.000, 26.000, "/m/07r4wb8,/m/09x0r"
hLdklwjNybI, 40.000, 50.000, "/m/03wwcy,/m/07r67yg,/m/09x0r"
hLuMsOJoP90, 10.000, 20.000, "/m/07pp_mv,/m/0c3f7m"
hWbAoyrkDmo, 0.000, 10.000, "/m/01y3hg,/m/02fs_r"
haNJK8fNNzw, 430.000, 440.000, "/m/0c3f7m"
hdryQ62eIs4, 10.000, 20.000, "/m/07pp_mv,/m/09x0r,/m/0c3f7m"
hjXNxmWySRY, 120.000, 130.000, "/m/03wwcy,/m/09x0r"
hlG2-K5ZIkY, 80.000, 90.000, "/m/03wwcy"
ht2MQZSZ8C0, 30.000, 40.000, "/m/01y3hg"
i1vFjX74XME, 90.000, 100.000, "/m/01y3hg,/m/09x0r"
i2vA57gUZAI, 50.000, 60.000, "/m/01y3hg,/m/09x0r"
i4EcXEU5xX0, 29.000, 39.000, "/m/04rlf,/m/07r4wb8"
i4IOWbcd6D8, 30.000, 40.000, "/m/0c3f7m,/t/dd00125"
i7VpXVrrTPs, 30.000, 40.000, "/m/0395lw,/m/03wwcy,/m/07r67yg"
i9jrT01rRHI, 70.000, 80.000, "/m/09x0r,/m/0c3f7m"
iBdPjVc7T8E, 30.000, 40.000, "/m/03wwcy"
iCp9Mq55Wg0, 0.000, 10.000, "/m/0c3f7m"
iEPr3WdvTM0, 150.000, 160.000, "/m/03wwcy,/m/09x0r"
iExa-XNn_nE, 30.000, 40.000, "/m/0c3f7m"
iFH_A0_i8VY, 30.000, 40.000, "/m/01y3hg,/m/07pp_mv,/m/09x0r"
iGuoTBf4XyI, 10.000, 20.000, "/m/01y3hg"
iIENIe94W04, 10.000, 20.000, "/m/0c3f7m"
iJ7oZeFFvj4, 9.000, 19.000, "/m/01y3hg,/m/09x0r"
iMQ1K2V9x4k, 110.000, 120.000, "/m/09x0r,/m/0c3f7m"
iMiixFCflrA, 9.000, 19.000, "/m/0c3f7m"
iNn65i8jk7U, 26.000, 36.000, "/m/0c3f7m"
iQErkZN8bgI, 20.000, 30.000, "/m/07r4wb8,/m/09x0r,/m/0ytgt"
iW_40jBKQX0, 110.000, 120.000, "/m/07yv9,/m/0c3f7m,/m/0k4j"
iXxaagQb6Zs, 470.000, 480.000, "/m/09x0r,/m/0c3f7m"
iaHB5oE8hU0, 30.000, 40.000, "/m/0c3f7m"
ibnWGUOjLS4, 0.000, 10.000, "/m/07pp_mv,/m/0c3f7m"
icPBKqFUo_A, 220.000, 230.000, "/m/01y3hg,/m/04rlf,/m/0c3f7m"
idzZ29ATXAk, 150.000, 160.000, "/m/09x0r,/m/0c3f7m"
ifGY_E70sxk, 70.000, 80.000, "/m/07r4wb8"
ijwHLDS54mM, 200.000, 210.000, "/m/09x0r,/m/0c3f7m"
ikHblCcDjo4, 20.000, 30.000, "/m/07pp_mv,/m/09x0r,/m/0c3f7m"
ioWizng27ok, 90.000, 100.000, "/m/09x0r,/m/0c3f7m"
ipMHdxP9PH8, 10.000, 20.000, "/m/01y3hg,/m/07pp_mv,/m/0c3f7m"
j-MwAasKsUw, 30.000, 40.000, "/m/0c3f7m"
j2ZWCwZh9LQ, 10.000, 20.000, "/m/03wwcy,/m/068hy,/m/07r67yg,/m/07rc7d9,/m/09x0r,/m/0bt9lr,/m/0jbk"
j3gPNQg2WpM, 480.000, 490.000, "/m/01y3hg,/m/09x0r"
j3iMh-oNplg, 30.000, 40.000, "/m/01y3hg,/m/030rvx,/m/0c3f7m"
j3rmCibPKT8, 280.000, 290.000, "/m/0c3f7m"
jAduj4dkY5U, 40.000, 50.000, "/m/0c3f7m"
jB1xSB8MojQ, 30.000, 40.000, "/m/02fs_r,/m/0c3f7m"
jS2Ud6bs4Pc, 0.000, 7.000, "/m/01y3hg,/m/0c3f7m"
jSlHfmxMjpA, 150.000, 160.000, "/m/03wwcy,/m/09x0r"
jWLMfIqW5Mg, 30.000, 40.000, "/m/01y3hg,/m/04rlf,/m/09x0r"
jWkDCko5YWs, 10.000, 20.000, "/m/03wwcy"
jgkQ7lDVZwI, 30.000, 40.000, "/m/0c3f7m"
joJRP_nTJ3Q, 10.000, 20.000, "/m/0c3f7m"
ju0xxS5EkW4, 11.000, 21.000, "/m/01y3hg,/m/09x0r"
jwnHevAunrI, 30.000, 40.000, "/m/01y3hg"
jxptzo-XrBM, 90.000, 100.000, "/m/09x0r,/m/0c3f7m"
k5c_pkt45Fk, 50.000, 60.000, "/m/0c3f7m"
k6NpgLJjizk, 20.000, 30.000, "/m/0c3f7m"
k6UD8CQcfTE, 20.000, 30.000, "/m/0c3f7m"
k9lw6f2IYrA, 180.000, 190.000, "/m/07r4wb8"
kApDLrxJu9s, 130.000, 140.000, "/m/07r4wb8,/m/09x0r"
kD_sM3ZF514, 160.000, 170.000, "/m/03wwcy"
kIRzaq6bUdw, 180.000, 190.000, "/m/0c3f7m"
kIqf8gd4W8Q, 590.000, 600.000, "/m/03wwcy,/t/dd00125"
kLBWPkQh8cE, 0.000, 10.000, "/m/0c3f7m"
kN3RRRt4-m8, 20.000, 30.000, "/m/02dgv,/m/03wwcy,/m/09x0r"
kNTRZ6E-FkA, 10.000, 20.000, "/m/01y3hg,/m/09x0r,/m/0c3f7m"
kOfRBAucXV8, 240.000, 250.000, "/m/01y3hg,/m/030rvx,/m/09x0r,/m/0c3f7m"
kTqM4QRmuAY, 0.000, 10.000, "/m/03kmc9,/m/0c3f7m,/t/dd00125"
kUchBQQqxFA, 250.000, 260.000, "/m/09x0r,/m/0c3f7m"
kVIeyQqqdno, 220.000, 230.000, "/m/030rvx,/m/09x0r,/m/0c3f7m"
kamIbZVN0Mk, 30.000, 40.000, "/m/01y3hg,/m/09x0r,/m/0c3f7m"
kjCaLnV5FcM, 250.000, 260.000, "/m/0c3f7m"
kkGoR8Sgfgg, 0.000, 10.000, "/m/04rlf,/m/07r4wb8,/m/09x0r"
kkwERhqvT2U, 430.000, 440.000, "/m/04rlf,/m/09x0r,/m/0c3f7m"
kmuqD8Th6Fg, 10.000, 20.000, "/m/0c3f7m"
kstzPdxjnzQ, 210.000, 220.000, "/m/03wwcy,/m/04rlf,/m/09x0r,/t/dd00125"
kur4ot4mllA, 30.000, 40.000, "/m/09x0r,/m/0c3f7m"
kxlqvEqhvqg, 10.000, 20.000, "/m/01y3hg"
ky0OFZXUHzM, 10.000, 20.000, "/m/09x0r,/m/0c3f7m"
kzpGjp1ynEg, 10.000, 20.000, "/m/0c3f7m"
l-gWekH6nXs, 400.000, 410.000, "/m/01y3hg,/m/0cmf2"
l5CEprbZ0OE, 30.000, 40.000, "/m/01y3hg,/m/02fs_r"
l8ImMjuK29M, 330.000, 340.000, "/m/03wwcy"
lARo5oIjdoc, 0.000, 10.000, "/m/01y3hg,/m/09x0r"
lDzoVdFNUUw, 90.000, 100.000, "/m/0395lw,/m/0c3f7m"
lF5v3O8zS5Y, 50.000, 60.000, "/m/07pp_mv,/m/0c3f7m"
lGjOp511-sI, 80.000, 90.000, "/m/07pp_mv,/m/0c3f7m"
lOOvDYNQHPw, 120.000, 130.000, "/m/01hnzm,/m/03wwcy"
lTK9IgErMA8, 50.000, 60.000, "/m/01y3hg,/m/0c3f7m"
lTnBd2ZuWuE, 80.000, 90.000, "/m/01y3hg,/m/09x0r,/t/dd00125"
lVl9LR5OQp0, 330.000, 340.000, "/m/01y3hg,/m/09x0r"
lWPqnou-80A, 30.000, 40.000, "/m/09x0r,/m/0c3f7m"
l_RotMdBR1I, 20.000, 30.000, "/m/03wwcy"
l_vWAJf-mvw, 70.000, 80.000, "/m/09x0r,/m/0c3f7m"
llmsl68EOFY, 100.000, 110.000, "/m/09x0r,/m/0c3f7m"
lmCpGb0U7jc, 10.000, 20.000, "/m/0c3f7m"
loDwJXeyFsk, 170.000, 180.000, "/m/09x0r,/m/0c3f7m"
loa3ZYvyaNk, 180.000, 190.000, "/m/09x0r,/m/0c3f7m"
lp_btlebwc4, 20.000, 30.000, "/m/0c3f7m"
lrC4o0hvv94, 0.000, 10.000, "/m/01y3hg,/m/046dlr"
lrQptFIEWwo, 0.000, 10.000, "/m/04rlf,/m/07r4wb8"
lvWU3jvaKUM, 250.000, 260.000, "/m/09x0r,/m/0c3f7m"
lx_mm_yNEiw, 170.000, 180.000, "/m/0c3f7m"
lxzBgv6DrGA, 30.000, 40.000, "/m/07qcpgn,/m/07r4wb8"
lytV5-d5ZiE, 420.000, 430.000, "/m/01y3hg,/m/09x0r,/m/0c3f7m"
lztngOV4MmM, 150.000, 160.000, "/m/09x0r,/m/0c3f7m"
m1we0tQ3YFo, 30.000, 40.000, "/m/09x0r,/m/0c3f7m"
m2HD9df2gnk, 120.000, 130.000, "/m/07r4wb8"
mBHpBWlswqE, 580.000, 590.000, "/m/0c3f7m"
mFHnRhRfgQc, 50.000, 60.000, "/m/01y3hg,/t/dd00125"
mOfTDGOGBpI, 160.000, 170.000, "/m/03wwcy,/t/dd00125"
mUpgBgHnMVU, 190.000, 200.000, "/m/09x0r,/m/0c3f7m"
mX1ZQyiwUhw, 160.000, 170.000, "/m/09x0r,/m/0c3f7m"
m_H7EgEXPv8, 350.000, 360.000, "/m/0c3f7m"
meABZsJFHHE, 180.000, 190.000, "/m/09x0r,/m/0c3f7m"
mh7rDFB3DMw, 210.000, 220.000, "/m/09x0r,/m/0c3f7m,/t/dd00125"
mhwuZTe5jIo, 0.000, 10.000, "/m/07pp_mv,/m/0bt9lr,/m/0c3f7m,/m/0jbk"
mjK3cLMkgZw, 140.000, 150.000, "/m/0c3f7m,/t/dd00125"
mkPt-NBQ5CA, 20.000, 30.000, "/m/07r4wb8,/m/09x0r"
mpAYvNw6VEw, 40.000, 50.000, "/m/03wwcy,/m/04rlf,/t/dd00128"
msCJ3dwWSOE, 30.000, 40.000, "/m/01y3hg,/m/09x0r"
n0Jw2LKle-k, 410.000, 420.000, "/m/07pp8cl,/m/0c3f7m"
n0bxoidaVzs, 5.000, 15.000, "/m/03wwcy"
n2u-4A9fY28, 20.000, 30.000, "/m/03wwcy,/m/07qf0zm,/m/07r67yg,/m/09x0r,/m/0bt9lr,/m/0jbk"
n4IOK5liZf8, 10.000, 20.000, "/m/07pp_mv,/m/0c3f7m"
n58oIcI9WUU, 24.000, 34.000, "/m/09x0r,/m/0c3f7m"
n5n-nCMLboQ, 20.000, 30.000, "/m/01y3hg"
nA3fm07jI3E, 0.000, 10.000, "/m/04rlf,/m/07r4wb8,/m/09x0r"
nAAQBbij7D4, 260.000, 270.000, "/m/09x0r,/m/0c3f7m"
nC0mqJoXO70, 210.000, 220.000, "/m/01y3hg"
nC5V0YiV58Y, 60.000, 70.000, "/m/09x0r,/m/0c3f7m"
nNqNu_S9S-s, 10.000, 20.000, "/m/0c3f7m,/t/dd00125"
nO9vGgN14hA, 110.000, 120.000, "/m/0c3f7m"
nRRjKdRX-Ko, 50.000, 60.000, "/m/01y3hg,/m/09x0r"
nT92nFiDF7I, 10.000, 20.000, "/m/0c3f7m"
nVA8BdFZM7k, 70.000, 80.000, "/m/07pp_mv,/m/09x0r,/m/0c3f7m"
nYXcv0jWS_w, 70.000, 80.000, "/m/01y3hg,/m/09x0r"
nbS7CJuv4pc, 10.000, 20.000, "/m/01y3hg,/m/030rvx"
neyvfbFjK4Y, 260.000, 270.000, "/m/07pp_mv,/m/0c3f7m"
ngR_af6AfHc, 70.000, 80.000, "/m/030rvx,/m/09x0r,/m/0c3f7m"
njaBuEnV_LA, 490.000, 500.000, "/m/09x0r,/m/0c3f7m"
npvf-uwczss, 120.000, 130.000, "/m/01y3hg,/m/09x0r"
nsxAMfzY_Wo, 160.000, 170.000, "/m/03wwcy,/m/04rlf,/m/09x0r"
nweMFq8XxQg, 30.000, 40.000, "/m/01y3hg"
nzkNNCYL-2s, 200.000, 210.000, "/m/0c3f7m"
o2Hp-n_nAEw, 390.000, 400.000, "/m/01y3hg,/m/04rlf,/m/09x0r,/m/0c3f7m"
o5ykwLDoRpE, 40.000, 50.000, "/m/0c3f7m"
o6leDJX-xWc, 21.000, 31.000, "/m/01y3hg"
oF-9Fcjs5K0, 80.000, 90.000, "/m/01y3hg"
oF8-fmj93xw, 260.000, 270.000, "/m/09x0r,/m/0c3f7m"
oFcRyerYBfM, 30.000, 40.000, "/m/03wwcy"
oSWw3KV5-eI, 60.000, 70.000, "/m/07r4wb8"
oWMYsN7jXFA, 60.000, 70.000, "/m/0c3f7m"
oaMQwPpGuCs, 20.000, 30.000, "/m/01y3hg,/t/dd00125"
oaQoA0Gsjyw, 50.000, 60.000, "/m/03wwcy,/m/09x0r"
oeAt3eEWUhU, 10.000, 20.000, "/m/07pp_mv,/m/0c3f7m"
ofDKJJpUhuY, 80.000, 90.000, "/m/03wwcy"
ofmHsznIOIM, 60.000, 70.000, "/m/03wwcy,/m/04rlf,/m/09x0r"
og6fB7FowDE, 270.000, 280.000, "/m/0c3f7m"
ogMYklfVydo, 30.000, 40.000, "/m/0395lw,/m/03wwcy,/m/04rlf,/m/09x0r"
oiCbrfIGU7w, 60.000, 70.000, "/m/0c3f7m"
ok4A2lGB_hM, 340.000, 350.000, "/m/01y3hg"
omkgqHs-C6g, 200.000, 210.000, "/m/01y3hg,/m/09x0r"
ouY3LNgnjCA, 30.000, 40.000, "/m/01y3hg,/m/030rvx,/m/09x0r"
oy-ZMaQbe9c, 210.000, 220.000, "/m/07pp_mv,/m/0c3f7m,/t/dd00125"
ozxsvtGvsC0, 20.000, 30.000, "/m/01y3hg"
p-sffk7voi4, 30.000, 40.000, "/m/01y3hg,/m/09x0r"
p6CYj_0IR28, 0.000, 4.000, "/m/03wwcy"
pGP2wjwM4HE, 80.000, 90.000, "/m/07pp_mv,/m/09x0r,/m/0c3f7m"
pN4R3eXuxBw, 30.000, 40.000, "/m/0c3f7m"
pNoFoH57fOg, 210.000, 220.000, "/m/03wwcy,/m/07r67yg,/m/09x0r"
pQfNbC-0PUA, 140.000, 150.000, "/m/0c3f7m"
pd9ysf4iWbs, 5.000, 15.000, "/m/01y3hg,/m/09x0r,/m/0c3f7m"
peoKjQRG9qM, 110.000, 120.000, "/m/09x0r,/m/0c3f7m"
pfpnTPHI-n0, 30.000, 40.000, "/m/03wwcy,/m/04rlf,/m/04szw,/m/09x0r"
pgzmqD2GGsM, 220.000, 230.000, "/m/0c3f7m"
pkXMuZ9OX_s, 470.000, 480.000, "/m/01y3hg,/m/09x0r"
puCAesgiikI, 40.000, 50.000, "/m/07pp_mv,/m/0c3f7m"
q-oRnt6ANq8, 0.000, 10.000, "/m/01y3hg,/m/09x0r"
q5q0lLSHv7c, 80.000, 90.000, "/m/0c3f7m"
q5tCN3Agzy8, 0.000, 9.000, "/m/01y3hg"
qCb5DyebtgY, 20.000, 30.000, "/m/01y3hg,/m/09x0r"
qCdwj9A4Og0, 30.000, 40.000, "/m/07r4wb8"
qDCK7vo_MCM, 140.000, 150.000, "/m/03wwcy,/m/09x0r"
qFw4LBSGAPA, 220.000, 230.000, "/m/0c3f7m,/t/dd00125"
qGDaSUy-llQ, 0.000, 9.000, "/m/03wwcy"
qPTwqnfPQvA, 80.000, 90.000, "/m/09x0r,/m/0c3f7m,/t/dd00125"
qRaJRpPOIE4, 30.000, 40.000, "/m/030rvx,/m/09x0r,/m/0c3f7m"
qUoSo0l0RlU, 10.000, 20.000, "/m/01y3hg"
qWqg01YJF_Y, 90.000, 100.000, "/m/0c3f7m"
qWxvvNXnfFU, 30.000, 40.000, "/m/01y3hg,/m/030rvx,/m/09x0r,/m/0c3f7m,/t/dd00125"
qXKHTD7soSI, 50.000, 60.000, "/m/0c3f7m"
qXrB4bBoMjs, 10.000, 20.000, "/m/0c3f7m"
qcjYlZkfBiY, 90.000, 100.000, "/m/01y3hg"
qf3OvE5ZtDI, 0.000, 10.000, "/m/01y3hg,/m/04rlf"
qhR8NGj4QJU, 10.000, 20.000, "/m/04rlf,/m/07r4wb8,/m/09x0r"
qiz7W5D6gC8, 60.000, 70.000, "/m/09x0r,/m/0c3f7m"
qmBTHpAYV2s, 0.000, 10.000, "/m/0c3f7m"
qwTwLLs_FrQ, 30.000, 40.000, "/m/0283d,/m/04rlf,/m/07gxw,/m/07lnk,/m/0c3f7m,/m/0m0jc"
qxV-hLUA1JY, 30.000, 40.000, "/m/01y3hg,/m/02fs_r"
r-Dj_GA1y6o, 50.000, 60.000, "/m/03wwcy,/m/07pp_mv,/m/09x0r"
r-qvkp1IYok, 30.000, 40.000, "/m/09x0r,/m/0c3f7m"
r0bhxdy3Ovk, 30.000, 40.000, "/m/09x0r,/m/0c3f7m"
r0miR-6MBI0, 270.000, 280.000, "/m/09x0r,/m/0c3f7m"
r2HUwUSAFnY, 60.000, 70.000, "/m/01y3hg"
r3e8ZeCc2KA, 120.000, 130.000, "/m/0c3f7m"
r4auqsn1UuA, 430.000, 440.000, "/m/03wwcy,/m/04rlf"
r5PHcPwvnpo, 20.000, 30.000, "/m/09x0r,/m/0c3f7m"
r7miePhtH-M, 40.000, 50.000, "/m/09x0r,/m/0c3f7m"
r95S7Nk2QrY, 300.000, 310.000, "/m/07pp_mv,/m/09x0r,/m/0c3f7m"
rBq1DO2glYw, 10.000, 20.000, "/m/01y3hg,/m/09x0r,/t/dd00125"
rHUBojOMC_U, 15.000, 25.000, "/m/01y3hg,/m/09x0r"
rKlEhIwEveg, 150.000, 160.000, "/m/01y3hg,/m/02fs_r"
rME75h7CxI4, 320.000, 330.000, "/m/01y3hg"
rP-vQMUtNQY, 50.000, 60.000, "/m/04rlf,/m/07r4wb8,/m/07rrh0c,/m/09x0r"
rQP0RsslgKg, 30.000, 40.000, "/m/07pp_mv,/m/0c3f7m"
rcBptuPucTg, 170.000, 180.000, "/m/0c3f7m"
rfQM8OaJaLs, 190.000, 200.000, "/m/09x0r,/m/0c3f7m"
riTJvkfGgXs, 10.000, 20.000, "/m/0c3f7m"
rks_YQGhADs, 340.000, 350.000, "/m/07r4wb8"
ryFfzWTLpqI, 180.000, 190.000, "/m/0c3f7m"
rzAqETGwotg, 20.000, 30.000, "/m/03wwcy,/m/04rlf,/m/09x0r,/t/dd00125"
s5VvgPLkqTg, 30.000, 40.000, "/m/01y3hg"
s5qcTYTYwww, 0.000, 10.000, "/m/0c3f7m"
s6fBS-i3QZ4, 130.000, 140.000, "/m/01y3hg,/m/09x0r"
s8ZkBVt9kV8, 50.000, 60.000, "/m/09x0r,/m/0c3f7m"
sDekzOBVVAo, 170.000, 180.000, "/m/09x0r,/m/0c3f7m"
sEbCzrXaWEI, 190.000, 200.000, "/m/03wwcy,/m/04rlf,/m/09x0r"
sG7TyPnFDR0, 180.000, 190.000, "/m/01y3hg,/m/02fs_r,/m/09x0r,/t/dd00125"
sI87ysBC1Fw, 510.000, 520.000, "/m/0c3f7m"
sJZvCRQNlgw, 30.000, 40.000, "/m/04rlf,/m/07r4wb8,/m/09x0r"
sL-JTvccWcM, 30.000, 40.000, "/m/030rvx,/m/09x0r,/m/0c3f7m"
sNSmgP4P6Uc, 50.000, 60.000, "/m/012n7d,/m/012ndj,/m/03j1ly,/m/03kmc9,/m/04qvtq,/m/0c3f7m"
sP1Z-CPJfmM, 30.000, 40.000, "/m/01y3hg"
sSpETigWQtM, 540.000, 550.000, "/m/03wwcy,/m/04rlf,/m/09x0r"
sXwmS5IPE_s, 90.000, 100.000, "/m/07pp_mv,/m/09x0r,/m/0c3f7m"
sb7PA6t6f9Q, 80.000, 90.000, "/m/0c3f7m"
sljOYe87J7E, 170.000, 180.000, "/m/01y3hg"
snHpxgH2LsA, 40.000, 50.000, "/m/04rlf,/m/0c3f7m"
snrGZfysedA, 90.000, 100.000, "/m/09x0r,/m/0c3f7m"
soyoOKpa5Ag, 180.000, 190.000, "/m/01y3hg,/m/07pp_mv"
sqK5yl_FF2g, 120.000, 130.000, "/m/0c3f7m"
srGTjjDskho, 190.000, 200.000, "/m/09x0r,/m/0c3f7m"
t2DVnwJammg, 200.000, 210.000, "/m/01y3hg,/m/04rlf,/m/09x0r,/m/0c3f7m"
t4POpKL5wVA, 350.000, 360.000, "/m/09x0r,/m/0c3f7m,/t/dd00125"
t5C65rriar0, 30.000, 40.000, "/m/030rvx,/m/09x0r,/m/0c3f7m"
t6RDSREyeso, 10.000, 20.000, "/m/03wwcy,/m/04rlf,/m/06by7"
t6RsWR2Wlps, 0.000, 10.000, "/m/03kmc9,/m/0c3f7m"
t7xwCFnzAZM, 150.000, 160.000, "/m/07pp_mv,/m/09x0r,/m/0c3f7m"
tBcJaoOle1I, 40.000, 50.000, "/m/0c3f7m"
tDzplw80Uc8, 80.000, 90.000, "/m/01y3hg,/m/09x0r,/t/dd00125"
tLTqrqibOZQ, 160.000, 170.000, "/m/0c3f7m"
tLgYuO-w638, 0.000, 10.000, "/m/03wwcy"
tNr5TNpI_SY, 30.000, 40.000, "/m/03wwcy"
tOAv8T4Aq5k, 0.000, 10.000, "/m/0c3f7m"
tOoZF9dv9Ws, 10.000, 20.000, "/m/07pp_mv,/m/0c3f7m"
tPnQVfR2pk0, 290.000, 300.000, "/m/01y3hg,/m/0c3f7m"
tQGB42DbPIE, 130.000, 140.000, "/m/09x0r,/m/0c3f7m"
t_ZXMjlAj-Y, 310.000, 320.000, "/m/0c3f7m"
t_slDWe1w0M, 70.000, 80.000, "/m/0c3f7m"
taJofmujGgw, 0.000, 10.000, "/m/01y3hg,/m/09x0r"
tbpQtUrtAwI, 20.000, 30.000, "/m/0c3f7m"
tgGDKWTuElE, 0.000, 10.000, "/m/0c3f7m"
tgHyU1SzHPY, 120.000, 130.000, "/m/0c3f7m"
tgOEC9-6fOA, 40.000, 50.000, "/m/01y3hg,/m/07pp_mv,/m/09x0r,/m/0c3f7m"
thE9hiWy9IU, 0.000, 10.000, "/m/07pp_mv,/m/0c3f7m"
tmwSyk2rv-I, 30.000, 40.000, "/m/01y3hg,/m/09x0r"
tr8XDix4wkI, 50.000, 60.000, "/m/03wwcy,/m/04rlf,/m/09x0r"
ttqdU2PGk0s, 80.000, 90.000, "/m/03wwcy,/m/0c1dj"
tvWOv4YrDzM, 30.000, 40.000, "/m/09x0r,/m/0c3f7m"
ty35lBgTPBE, 120.000, 130.000, "/m/01y3hg,/m/09x0r"
u3Bb1hWztDM, 0.000, 10.000, "/m/0c3f7m"
u7nf-MhpJgg, 30.000, 40.000, "/m/0c3f7m"
uDKhaLG9n_M, 210.000, 220.000, "/m/09x0r,/m/0c3f7m"
uDy4mYik4fo, 50.000, 60.000, "/m/0395lw,/m/03wwcy"
uFd8iun6L5A, 10.000, 20.000, "/m/07pp_mv,/m/0c3f7m"
uI8LZxZVvLk, 10.000, 20.000, "/m/07pp_mv,/m/0c3f7m"
uIXS2gvpLGM, 360.000, 370.000, "/m/09x0r,/m/0c3f7m"
uKPRkoTpxIo, 0.000, 10.000, "/m/07r4wb8,/t/dd00127"
u_DpbCDBFlg, 20.000, 30.000, "/m/01y3hg,/m/05tny_,/m/068hy,/m/0bt9lr,/m/0jbk"
ufZUXUHlhu0, 30.000, 40.000, "/m/0c3f7m"
ug7gBHk6lF8, 30.000, 40.000, "/m/01yg9g,/m/07r4wb8"
ugyjTKpCesE, 420.000, 430.000, "/m/0c3f7m"
uiFWsCzezJY, 140.000, 150.000, "/m/07pp_mv,/m/09x0r,/m/0c3f7m"
umP1UKevcNE, 25.000, 35.000, "/m/01y3hg,/m/0c3f7m"
uuwR9B9Oh-c, 130.000, 140.000, "/m/07r4wb8,/m/09x0r"
uv4xSEcW0lc, 50.000, 60.000, "/m/07r4wb8"
uyjm4ZROdgI, 0.000, 10.000, "/m/01y3hg,/m/04rlf,/t/dd00126"
v3BGKlAtp20, 190.000, 200.000, "/m/03kmc9,/m/0c3f7m"
v6In-xX3IZk, 20.000, 30.000, "/m/07r4wb8"
v6qZ8SZHVBw, 480.000, 490.000, "/m/09x0r,/m/0c3f7m"
v7ix2283HNA, 30.000, 40.000, "/m/07r4wb8,/m/09x0r"
v7oHMNYHyCM, 120.000, 130.000, "/m/07pp_mv,/m/09x0r,/m/0c3f7m"
vAFlySpK1iw, 470.000, 480.000, "/m/01y3hg,/m/09x0r"
vBWYA_Pawvw, 80.000, 90.000, "/m/01j3sz,/m/07pp_mv,/m/07rgt08,/m/09x0r,/m/0c3f7m"
vCKR7nmv56o, 20.000, 30.000, "/m/03wwcy,/m/04rlf,/m/09x0r"
vF8tjt3iRzU, 190.000, 200.000, "/m/0c3f7m"
vIfN-aynATQ, 30.000, 40.000, "/m/01y3hg,/m/04qvtq"
vP0F2xaH9Fs, 3.000, 13.000, "/m/09x0r,/m/0c3f7m"
vRZmRfTxk1o, 170.000, 180.000, "/m/01y3hg"
vUI_xLPuGyg, 30.000, 40.000, "/m/01y3hg,/m/030rvx,/m/09x0r,/m/0c3f7m"
vdP-yuw2b0s, 50.000, 60.000, "/m/0c3f7m,/t/dd00127"
vkXj2UGc2FY, 60.000, 70.000, "/m/09x0r,/m/0c3f7m"
vmuHWr9tYA0, 30.000, 40.000, "/m/01y3hg,/m/09x0r,/m/0c3f7m"
vnJXMWeRgUQ, 20.000, 30.000, "/m/0c3f7m"
vsg9J95sGkE, 0.000, 10.000, "/m/0c3f7m"
vyOd_5NwHq4, 0.000, 10.000, "/m/03wwcy"
w0vt3PrfpNE, 30.000, 40.000, "/m/01y3hg,/m/09x0r"
w7bC-svR14k, 70.000, 80.000, "/m/07pp_mv,/m/09x0r,/m/0c3f7m"
w8bDMQH1i2I, 0.000, 10.000, "/m/02_nn,/m/04rlf,/m/07r4wb8"
wKVoF9NBd-U, 90.000, 100.000, "/m/09x0r,/m/0c3f7m"
wQHgf0RYbpY, 30.000, 40.000, "/m/0c3f7m"
wSVkxjMydrQ, 40.000, 50.000, "/m/01y3hg,/m/09x0r,/t/dd00125"
wVuDU2ZIflE, 410.000, 420.000, "/m/09x0r,/m/0c3f7m"
wW5ule5SMYY, 130.000, 140.000, "/m/0c3f7m"
wWeXo7BE58k, 0.000, 10.000, "/m/0c3f7m"
wY1PqdWwesA, 180.000, 190.000, "/m/03wwcy,/m/09x0r"
wYf6cMWiEQw, 20.000, 30.000, "/m/0c3f7m"
wYrMd5pCHqQ, 390.000, 400.000, "/m/01y3hg"
wbqM83kd62Y, 250.000, 260.000, "/m/030rvx,/m/09x0r,/m/0c3f7m"
wecY2TYjK6I, 410.000, 420.000, "/m/09x0r,/m/0c3f7m"
wfxil0p9Uw0, 20.000, 30.000, "/m/01y3hg,/m/09x0r"
wh3uOFsxVr4, 0.000, 10.000, "/m/04rlf,/m/07r4wb8,/m/09x0r"
wicNPOr_gVE, 180.000, 190.000, "/m/07pp_mv,/m/09x0r,/m/0c3f7m"
wmVb_oMBTfU, 30.000, 40.000, "/m/0326g,/m/04rlf,/m/07r4wb8"
wnfvJ0ayL7Y, 0.000, 10.000, "/m/07r4wb8,/m/09x0r"
wum-4N5x8fo, 10.000, 20.000, "/m/03wwcy,/t/dd00125"
wwdVX5NjF44, 30.000, 40.000, "/m/01y3hg,/m/02fs_r,/m/09x0r"
wwvwlXzOMEM, 30.000, 40.000, "/m/01y3hg"
wzylR_m_Ppg, 90.000, 100.000, "/m/01y3hg,/m/030rvx"
x4un9OWopr0, 520.000, 530.000, "/m/09x0r,/m/0c3f7m"
x7uQPkzTWL0, 0.000, 3.000, "/m/03wwcy"
xFDZwe5DWTI, 90.000, 100.000, "/m/01y3hg,/m/04rlf,/m/09x0r"
xFqA0foiO7g, 30.000, 40.000, "/m/01y3hg,/m/09x0r,/m/0c3f7m"
xG9cgaHmBNQ, 260.000, 270.000, "/m/03wwcy,/m/09x0r"
xNYkbCXO9fE, 30.000, 40.000, "/m/0c3f7m"
xV3w0q-EhvQ, 1.000, 11.000, "/m/01y3hg,/m/09x0r"
xVDB3sDJOOo, 140.000, 150.000, "/m/03wwcy"
xYMx_MSRF2A, 40.000, 50.000, "/m/09x0r,/m/0c3f7m"
xYQI4AubILQ, 30.000, 40.000, "/m/01y3hg,/m/09x0r"
xaPbzoVf__8, 30.000, 40.000, "/m/0c3f7m"
xiB5kCd0Dyk, 30.000, 40.000, "/m/01y3hg,/m/09x0r"
xmhXvD-BCT0, 4.000, 14.000, "/m/01y3hg"
xniobkWLBd8, 410.000, 420.000, "/m/07pp_mv,/m/09x0r,/m/0c3f7m"
xnwwsEEJvdk, 200.000, 210.000, "/m/03wwcy,/m/04rlf,/m/09x0r"
xpu2AcRFbMg, 260.000, 270.000, "/m/09x0r,/m/0c3f7m"
xx0wiWhWD-0, 0.000, 10.000, "/m/01y3hg,/m/09x0r"
xxCG2hgujP0, 480.000, 490.000, "/m/03wwcy,/m/04rlf"
y-XEIcHUVJM, 220.000, 230.000, "/m/09x0r,/m/0c3f7m"
y2Vtor2sgGs, 30.000, 40.000, "/m/01y3hg"
y4_iTVWAU08, 300.000, 310.000, "/m/0c3f7m"
yBbfZ-Oy_S0, 30.000, 40.000, "/m/09x0r,/m/0c3f7m"
yGuifXK86bE, 350.000, 360.000, "/m/09x0r,/m/0c3f7m"
yJNIlzKCEfw, 18.000, 28.000, "/m/01y3hg,/m/030rvx"
yNNf4uTzPjQ, 10.000, 20.000, "/m/03wwcy,/m/09x0r"
yQIdLf3BEL8, 130.000, 140.000, "/m/01y3hg,/t/dd00126"
yQL-iFDbV1U, 210.000, 220.000, "/m/09x0r,/m/0c3f7m"
yT6iyY8ke2w, 20.000, 30.000, "/m/0c3f7m"
yU7EWclY4eQ, 470.000, 480.000, "/m/09x0r,/m/0c3f7m"
yUhxLba_lCo, 180.000, 190.000, "/m/07pp_mv,/m/09x0r,/m/0c3f7m"
yVWtwMPqvmg, 100.000, 110.000, "/m/0c3f7m"
yXrJzXwE0oI, 230.000, 240.000, "/m/09x0r,/m/0c3f7m"
yaBYiflMWrU, 30.000, 40.000, "/m/01y3hg"
ycy2nj6ARAw, 30.000, 40.000, "/m/03wwcy,/m/09x0r"
yj9qTG8FN_w, 190.000, 200.000, "/m/01y3hg,/m/030rvx,/m/0c3f7m"
ykNmxgykOgA, 170.000, 180.000, "/m/0c3f7m"
ylADXwDnjwY, 550.000, 560.000, "/m/03wwcy"
ynAAKvWD57c, 140.000, 150.000, "/m/07pp_mv,/m/09x0r,/m/0c3f7m"
ynRfd6TJBDs, 23.000, 33.000, "/m/07r4wb8,/m/09x0r,/t/dd00136"
ysz-iYt9pB8, 0.000, 8.000, "/m/09x0r,/m/0c3f7m"
ytcIK574wYk, 280.000, 290.000, "/m/09x0r,/m/0c3f7m"
yux_XsU7UI8, 420.000, 430.000, "/m/01y3hg,/m/09x0r"
z3OokFzmFz8, 0.000, 10.000, "/m/07r4wb8"
zCAK1xfP910, 140.000, 150.000, "/m/01y3hg,/m/09x0r"
zGqWGTVYYGk, 80.000, 90.000, "/m/01y3hg,/m/09x0r"
zKEVwK0YZ1A, 390.000, 400.000, "/m/09x0r,/m/0c3f7m"
zNvgZ5QPAFI, 30.000, 40.000, "/m/03wwcy,/m/04rlf,/m/07r67yg,/m/09x0r"
zY3Z7NIiiE0, 170.000, 180.000, "/m/01y3hg"
zfI3S4Pgqg0, 5.000, 15.000, "/m/01y3hg,/m/02fs_r,/m/0c3f7m"
zfIoCDuPbeY, 20.000, 30.000, "/m/01y3hg"
zgmIb41_XBQ, 20.000, 30.000, "/m/0c3f7m"
zgqrUoLS-Ck, 30.000, 40.000, "/m/04rlf,/m/07pp_mv,/m/0c3f7m"
ziAGylX7qFo, 220.000, 230.000, "/m/01y3hg,/m/09x0r,/m/0c3f7m"
zjfGDTJc58I, 30.000, 40.000, "/m/030rvx,/m/09x0r,/m/0c3f7m"
zmEIzXrDprw, 0.000, 10.000, "/m/03wwcy,/m/09x0r,/m/0ytgt"
zn2H2u3-G7E, 12.000, 22.000, "/m/01y3hg"
zp2YvT8IYzI, 0.000, 1.000, "/m/07r4wb8"
zwYTcyF2zMQ, 40.000, 50.000, "/m/0c3f7m"
zzvrfnkuEx4, 170.000, 180.000, "/m/07pp_mv,/m/0c3f7m"
