-6n82E5zyuY, 70.000, 80.000, "/m/01x3z,/m/046dlr,/m/07pp_mv"
-6p32k2WUCs, 0.000, 10.000, "/m/03wwcy"
-7T1vQ2CgdQ, 10.000, 20.000, "/m/05tny_,/m/068hy,/m/07pp_mv,/m/0bt9lr,/m/0jbk"
-BJNMHMZDcU, 50.000, 60.000, "/m/03wwcy,/m/05tny_,/m/07rc7d9,/m/0bt9lr,/m/0jbk"
-BY9aSqtBv4, 140.000, 150.000, "/m/07pp_mv"
-BfN0ydYNdQ, 20.000, 30.000, "/m/07pp_mv"
-DELUzsWGF4, 60.000, 70.000, "/m/04rlf,/m/07pp_mv,/m/09x0r"
-DoFDKsAOo4, 30.000, 40.000, "/m/03wwcy,/m/0c1dj"
-Zjgm_sZd10, 0.000, 4.000, "/m/03wwcy"
-ikrSfqB0LU, 0.000, 3.000, "/m/03wwcy"
-kngohODefw, 470.000, 480.000, "/m/03wwcy,/m/04rlf,/m/09x0r"
-l50tPEmxwg, 80.000, 90.000, "/m/07pp_mv,/t/dd00125"
-nEEEcuGZQA, 90.000, 100.000, "/m/02dgv,/m/07pp_mv,/m/09x0r"
-o6z-ucz3sE, 10.000, 20.000, "/m/04rlf,/m/07pp_mv"
-w-O-3ahvQM, 210.000, 220.000, "/m/07pp_mv"
-zZItrrphYo, 240.000, 250.000, "/m/03wwcy,/m/04rlf,/m/09x0r,/t/dd00129"
09F7JI0QEME, 0.000, 10.000, "/m/04rlf,/m/07pp_mv,/t/dd00125"
0H3D8l3LyXI, 220.000, 230.000, "/m/03wwcy,/m/04rlf"
0KA_vvmpAI4, 40.000, 50.000, "/m/03wwcy,/m/04rlf"
0KHmpwLMjck, 10.000, 20.000, "/m/046dlr,/m/07pp_mv"
0L-uDGovpSQ, 60.000, 70.000, "/m/07pp_mv,/m/09x0r"
0SxSyoinRXU, 100.000, 110.000, "/m/07pp_mv,/m/09x0r"
0VeDtKRDy1Q, 30.000, 40.000, "/m/01y3hg,/m/07pp_mv,/t/dd00125"
0VjkHdAS4mI, 140.000, 150.000, "/m/012f08,/m/04_sv,/m/07pp_mv,/m/07yv9"
0iAV6QtgoaA, 110.000, 120.000, "/m/07pp_mv,/m/0c3f7m,/t/dd00125"
0kvWlnYuCvI, 40.000, 50.000, "/m/03wwcy,/m/04rlf"
0o0-GQj6Pow, 10.000, 20.000, "/m/01y3hg,/m/07pp_mv,/m/09x0r"
0pGBVNmpBD8, 340.000, 350.000, "/m/07pp_mv,/m/09x0r,/t/dd00129"
1-3sAB6M-z4, 60.000, 70.000, "/m/07pp_mv"
11Zl9hIhUcM, 110.000, 120.000, "/m/07pp_mv"
13weCXte9nQ, 30.000, 40.000, "/m/07pp_mv,/m/09x0r,/t/dd00128"
16i4EbWMWAA, 60.000, 70.000, "/m/07pp_mv,/m/09x0r"
18X8cOvlF68, 60.000, 70.000, "/m/07pp_mv"
1939t6L0ye4, 330.000, 340.000, "/m/07pp_mv"
1BigiWuNY_o, 10.000, 20.000, "/m/07pp_mv,/m/09x0r"
1FpCcABvm8Q, 170.000, 180.000, "/m/07pp_mv,/m/09x0r"
1FvW-qM2dbU, 230.000, 240.000, "/m/03kmc9,/m/04rlf,/m/07pp_mv"
1Hf_1QejY4I, 10.000, 20.000, "/m/07pp_mv"
1I41PTamNgc, 90.000, 100.000, "/m/07pp_mv,/m/09x0r"
1OylnGdy1UU, 180.000, 190.000, "/m/03wwcy,/m/04rlf,/m/09x0r"
1P12fzmXRYo, 160.000, 170.000, "/m/07pp_mv,/m/09x0r"
1cBFEFQSkGQ, 30.000, 40.000, "/m/04rlf,/m/07pp_mv,/m/09x0r"
1tFkjBMoUkM, 90.000, 100.000, "/m/03wwcy,/m/09x0r"
1tH0FdcqwOg, 0.000, 10.000, "/m/07pp_mv"
1vm4MpZHfjM, 60.000, 70.000, "/m/07pp_mv"
2-BB_iabdPI, 0.000, 10.000, "/m/012f08,/m/07pp_mv,/m/07yv9,/m/0k4j"
26ubekDhG_Y, 0.000, 10.000, "/m/03wwcy,/m/07r67yg"
2OtuehBenJg, 10.000, 20.000, "/m/07pp_mv"
2VzvCtRDom8, 160.000, 170.000, "/m/07pp_mv,/m/0c3f7m"
2cLoIAMnddw, 10.000, 20.000, "/m/07pp_mv,/m/09x0r,/m/0c3f7m,/t/dd00125"
2dScU-xnfmY, 0.000, 10.000, "/m/07pp_mv,/m/09x0r"
2jtDST_o5c8, 60.000, 70.000, "/m/07pp_mv"
2nPK8lDcJ-o, 10.000, 20.000, "/m/04rlf,/m/07pp_mv"
2s445bZIVoc, 340.000, 350.000, "/m/02fs_r,/m/07pp_mv,/m/09x0r"
2xXpSgqrtDE, 40.000, 50.000, "/m/03wwcy"
2xo20i_OZrM, 80.000, 90.000, "/m/03wwcy,/m/09x0r"
2yTAfCLLiRs, 30.000, 40.000, "/m/03wwcy,/m/07r67yg,/m/09x0r"
31O16381Big, 50.000, 60.000, "/m/07pp_mv"
327oxK8nDXs, 100.000, 110.000, "/m/03wwcy,/m/09x0r,/t/dd00125,/t/dd00128"
39PfIe5CrPU, 30.000, 40.000, "/m/03wwcy,/m/04rlf,/m/09x0r,/t/dd00125"
3BcwNM72zcQ, 10.000, 20.000, "/m/03wwcy,/m/04rlf,/m/09x0r"
3FpsDKEFykA, 20.000, 30.000, "/m/07pp_mv,/m/09x0r"
3KwC-NVV4IE, 130.000, 140.000, "/m/07pp_mv,/m/09x0r"
3Qaw02kGV44, 90.000, 100.000, "/m/07pp_mv"
3Xnl98LzPZU, 190.000, 200.000, "/m/07pp_mv,/m/09x0r"
3ZYnwr-Sp5g, 40.000, 50.000, "/m/07pp_mv,/m/09x0r,/t/dd00125"
3dnn1v0osio, 530.000, 540.000, "/m/03wwcy,/m/09x0r,/t/dd00125"
3il4qlGl8dA, 200.000, 210.000, "/m/07pp_mv,/m/09x0r"
3zZKyuJKYKc, 220.000, 230.000, "/m/01y3hg,/m/07pp_mv,/m/0c3f7m"
44U-fF5rsjM, 0.000, 10.000, "/m/03wwcy,/m/04rlf"
45bGCpYv1nA, 30.000, 40.000, "/m/07pp_mv,/m/09x0r"
4PNbb_Qww40, 30.000, 40.000, "/m/07pp_mv,/t/dd00125"
4Pd-ZfRdrSQ, 210.000, 220.000, "/m/07pp_mv,/t/dd00125"
4Qlpx4p-iXU, 30.000, 40.000, "/m/01y3hg,/m/07pp_mv,/m/09x0r"
4U3NwBGE8uk, 180.000, 190.000, "/m/07pp_mv,/m/09x0r"
4Y5bkGtsKhQ, 370.000, 380.000, "/m/07pp_mv,/m/09x0r,/m/0c3f7m"
4ZlPP_gFhPk, 40.000, 50.000, "/m/04rlf,/m/07pp_mv,/m/09x0r"
4aXNnYg5zAg, 40.000, 50.000, "/m/07pp_mv"
4klFdWzLpPA, 20.000, 30.000, "/m/07pp_mv"
4l_nDB-txcQ, 30.000, 40.000, "/m/03kmc9,/m/07pp_mv"
4oQdHNxBFFY, 20.000, 30.000, "/m/03wwcy,/m/04rlf,/m/09x0r"
4oya-Jtj2Kk, 9.000, 19.000, "/m/07pp_mv"
4zD5YvFjde0, 40.000, 50.000, "/m/07pp_mv"
52Usv8FcO0w, 30.000, 40.000, "/m/01bjv,/m/03wwcy,/m/07r67yg,/m/09x0r"
55ere14Kf0c, 560.000, 570.000, "/m/03wwcy"
5CYK7AKivDo, 180.000, 190.000, "/m/046dlr,/m/07pp_mv,/t/dd00125"
5CqTiT19g0M, 140.000, 150.000, "/m/07pp_mv,/m/09x0r"
5Iq-wTNv3Hc, 10.000, 20.000, "/m/07pp_mv,/t/dd00125"
5QZ0NtdoKJ8, 200.000, 210.000, "/m/02fs_r,/m/07pp_mv,/m/09x0r"
5UMWvLV5DGU, 40.000, 50.000, "/m/03wwcy"
5Vbp7BbXIKA, 60.000, 70.000, "/m/07pp_mv,/m/09x0r"
5Vn0HNGGEaE, 0.000, 4.000, "/m/07pp_mv,/m/09x0r"
5btdpmuP2vs, 250.000, 260.000, "/m/07pp_mv,/m/09x0r,/m/0c3f7m"
5dkNBr_4jp0, 10.000, 20.000, "/m/07pp_mv"
5eZiNfaiWsY, 50.000, 60.000, "/m/07pp_mv"
5hrFU0P3OsM, 0.000, 10.000, "/m/07pp_mv,/m/09x0r"
5jgsDJHAblo, 140.000, 150.000, "/m/07pp_mv,/m/09x0r"
5pNzHcUedVo, 10.000, 20.000, "/m/03wwcy,/m/04rlf"
5qn1g7q88-w, 10.000, 20.000, "/m/07pp_mv"
5w_h7WUucSc, 20.000, 30.000, "/m/07pp_mv"
60LwGkWKs50, 230.000, 240.000, "/m/07pp_mv,/m/0c3f7m"
62SFutb_qvo, 20.000, 30.000, "/m/07pp_mv,/m/07yv9"
641Ng7IJf0Q, 20.000, 30.000, "/m/07pp_mv"
6AaFVGjc5os, 0.000, 10.000, "/m/07pp_mv,/t/dd00125"
6DdBy_eFc6o, 20.000, 30.000, "/m/046dlr,/m/07pp_mv"
6G-zGh5Sk_E, 60.000, 70.000, "/m/07pp_mv,/m/09x0r"
6PrBwQNpLvo, 10.000, 20.000, "/m/03wwcy,/m/09x0r"
6Q9a3JnuDaA, 220.000, 230.000, "/m/06bz3,/m/07pp_mv,/m/09x0r,/m/0c3f7m"
6VQuHBq0IXg, 30.000, 40.000, "/m/03wwcy,/m/04rlf,/m/09x0r,/m/0ytgt"
6aNA6pqmpd8, 0.000, 6.000, "/m/03wwcy"
6zbkVL8ZxcU, 50.000, 60.000, "/m/07pp_mv"
71Xl_uASHI4, 440.000, 450.000, "/m/07pp_mv,/m/09x0r"
72BY13x0hL4, 30.000, 40.000, "/m/06bz3,/m/07pp_mv"
739VMJd0DFw, 120.000, 130.000, "/m/07pp_mv"
74VDuM5BJEI, 230.000, 240.000, "/m/07pp_mv,/m/09x0r,/m/0ytgt"
7803OllApk8, 50.000, 60.000, "/m/07pp_mv"
79rmTWPTE4k, 20.000, 30.000, "/m/046dlr,/m/07pp_mv"
7QhLPIzJFgQ, 20.000, 30.000, "/m/07pp_mv,/m/0c3f7m"
7Rc9bJ9we7U, 0.000, 10.000, "/m/07pp_mv,/m/09x0r,/m/0c3f7m"
7ScYWlW9Ghk, 10.000, 20.000, "/m/07pp_mv"
7Zwgd6I1I8c, 30.000, 40.000, "/m/03wwcy,/m/04rlf,/m/09x0r"
7eC-wuYuebE, 390.000, 400.000, "/m/07pp_mv,/m/0c3f7m"
7eS9i_O3L4s, 110.000, 120.000, "/m/03wwcy,/m/09x0r"
7fGU8SFid9E, 130.000, 140.000, "/m/01hnzm,/m/03wwcy,/m/04rlf"
7m1HFBvPnX0, 260.000, 270.000, "/m/012f08,/m/04_sv,/m/07pp_mv,/m/07yv9,/m/09x0r"
7mScDfYXRVI, 130.000, 140.000, "/m/01y3hg,/m/07pp_mv,/m/0c3f7m"
7mWGFovz8JY, 7.000, 17.000, "/m/07pp_mv"
7ogOF9s7zo8, 20.000, 30.000, "/m/07pp_mv"
7qsAxn-1qQ8, 0.000, 10.000, "/m/07pp_mv,/t/dd00125"
7tfWhQGSnrE, 0.000, 10.000, "/m/07pp_mv,/m/09x0r"
7xzymnDUH5M, 250.000, 260.000, "/m/07pp_mv"
7yX_mzs7KtQ, 70.000, 80.000, "/m/07pp_mv,/m/09x0r"
82p79PFUzNI, 310.000, 320.000, "/m/07pp_mv"
84DPXuqLmPU, 10.000, 20.000, "/m/046dlr,/m/07pp_mv"
8HEAEalSnno, 490.000, 500.000, "/m/07pp_mv,/m/09x0r,/m/0c3f7m"
8NTy_fHQniM, 450.000, 460.000, "/m/07pp_mv,/t/dd00129"
8SaV1jDuNag, 30.000, 40.000, "/m/030rvx,/m/07pp_mv,/m/0c3f7m"
8VPsFZg6E54, 120.000, 130.000, "/m/07pp_mv,/m/0c3f7m"
8ZtQtHExGkg, 90.000, 100.000, "/m/07pp_mv"
8_CyTymGu4g, 510.000, 520.000, "/m/07pp_mv,/m/09x0r,/t/dd00129"
8_ZGlKbtKRg, 350.000, 360.000, "/m/03wwcy,/m/07r67yg,/m/09x0r"
8a9U6xOH5DM, 150.000, 160.000, "/m/07pp_mv,/m/09x0r"
8ePr2xlEyEE, 200.000, 210.000, "/m/04rlf,/m/07pp_mv,/m/09x0r"
8fMnn6coUhQ, 0.000, 10.000, "/m/03wwcy,/m/04rlf,/m/05tny_,/m/068hy,/m/0bt9lr,/m/0jbk"
8rojd48cf3Q, 40.000, 50.000, "/m/03wwcy,/m/07r67yg,/m/0c1dj"
8t42qBCskdw, 20.000, 30.000, "/m/07pp_mv"
91p58JxJNjU, 0.000, 10.000, "/m/02fs_r,/m/046dlr,/m/07pp_mv"
9MDjQgUwCPY, 20.000, 30.000, "/m/02fs_r,/m/07pp_mv,/m/09x0r"
9MGrP3KDrBg, 0.000, 10.000, "/m/02fs_r,/m/04rlf,/m/07pp_mv,/m/09x0r"
9QEM0ThcgD4, 20.000, 30.000, "/m/03wwcy"
9XbI0faiM3o, 0.000, 10.000, "/m/04rlf,/m/07pp_mv"
9Z63ufN6Y5g, 50.000, 60.000, "/m/07pp_mv,/m/09x0r"
9fYtHeRvmbE, 20.000, 30.000, "/m/07pp_mv,/m/09x0r"
9gEGGTWHOjU, 10.000, 20.000, "/m/046dlr,/m/07pp_mv"
9h5ROryAOB8, 30.000, 40.000, "/m/046dlr,/m/04rlf,/m/07pp_mv"
9mZwtAODa38, 0.000, 3.000, "/m/03wwcy"
9pkTYOkJeQI, 20.000, 30.000, "/m/07pp_mv"
9u2F_AzQd_w, 50.000, 60.000, "/m/07pp_mv"
9xakmRpyTwI, 230.000, 240.000, "/m/07pp_mv"
9zWmlaj56pM, 60.000, 70.000, "/m/03wwcy,/m/09x0r"
A955VQnUU7Y, 10.000, 20.000, "/m/07pp_mv,/t/dd00125"
A9ax53-F1qw, 40.000, 50.000, "/m/07pp_mv"
ASLPZf9JksY, 70.000, 80.000, "/m/07pp_mv,/m/09x0r"
AhGfwLnclsY, 60.000, 70.000, "/m/07pp_mv,/m/0c3f7m"
AkYSHRX83nw, 30.000, 40.000, "/m/07pp_mv"
ArBjWe3IWs0, 130.000, 140.000, "/m/03wwcy,/m/09x0r"
AwmzXYwIuQk, 0.000, 10.000, "/m/03wwcy"
BJ5RL_H7NKs, 0.000, 10.000, "/m/07pp_mv,/t/dd00125"
BKLbXlQpXCM, 30.000, 40.000, "/m/030rvx,/m/07pp_mv,/m/09x0r,/m/0c3f7m"
BNbvx1j87ZY, 110.000, 120.000, "/m/07pp_mv,/m/09x0r,/m/0c3f7m"
Bayl6WQsbvU, 80.000, 90.000, "/m/07pp_mv,/m/09x0r"
BbB_Gks17K0, 50.000, 60.000, "/m/07pp_mv,/m/09x0r,/m/0c3f7m"
BfMFcQPe9bI, 80.000, 90.000, "/m/07pp_mv,/m/09x0r,/m/0c3f7m"
BkAg4w7Hjsw, 40.000, 50.000, "/m/07pp_mv"
Bm2DM8CYXAY, 40.000, 50.000, "/m/04rlf,/m/07pp_mv,/m/09x0r,/t/dd00125"
BnXXFzlOzhE, 6.000, 16.000, "/m/07pp_mv"
BshHqFef45w, 130.000, 140.000, "/m/07pp_mv"
Bv7HaboieiI, 30.000, 40.000, "/m/046dlr,/m/07pp_mv"
Bw_ipXka2kA, 20.000, 30.000, "/m/03wwcy,/m/04rlf,/m/07r67yg"
BxxdjdH7xvk, 10.000, 20.000, "/m/015p6,/m/01x3z,/m/046dlr,/m/07pp_mv,/m/0jbk"
C0eUKUD0MNc, 80.000, 90.000, "/m/07pp_mv"
C3qZuY0JRXY, 40.000, 50.000, "/m/07pp_mv,/m/09x0r,/m/0c3f7m"
CD9QpXuBBlM, 130.000, 140.000, "/m/03wwcy,/m/09x0r,/t/dd00125"
CJ1LWAgrHME, 0.000, 10.000, "/m/030rvx,/m/07pp_mv"
CMwg5-CZseI, 180.000, 190.000, "/m/07pp_mv,/m/09x0r,/m/0c3f7m,/t/dd00125"
CbMtMw1Fr_0, 10.000, 20.000, "/m/03wwcy,/m/04rlf"
CfnxRu62iPQ, 10.000, 20.000, "/m/07pp_mv"
Cip2ceRbfqI, 30.000, 40.000, "/m/03kmc9,/m/07pp_mv"
CmH1pHer66o, 0.000, 10.000, "/m/07pp_mv"
CnhSA9koe2s, 20.000, 30.000, "/m/07pp_mv,/m/09x0r"
CoXEVTDJI-k, 26.000, 36.000, "/m/07pp_mv,/m/09x0r,/m/0c3f7m"
CpqhLylrx14, 20.000, 30.000, "/m/07pp_mv,/m/09x0r"
CvvvGRbF5mU, 30.000, 40.000, "/m/01z5f,/m/03wwcy,/m/068hy,/m/09x0r,/m/0bt9lr,/m/0jbk"
D-DBnNlXTIc, 20.000, 30.000, "/m/03kmc9,/m/068hy,/m/07pp_mv,/m/09x0r,/m/0bt9lr,/m/0jbk"
D037vk2ucC0, 100.000, 110.000, "/m/02fs_r,/m/07pp_mv,/m/09x0r"
D2GrGAQchBY, 60.000, 70.000, "/m/01x3z,/m/046dlr,/m/07pp_mv"
D5Sga2qF3C4, 10.000, 20.000, "/m/07pp_mv"
D5uFcZOCmp4, 170.000, 180.000, "/m/03wwcy,/m/04rlf,/m/09x0r,/t/dd00126"
DDJ2B4vpC2k, 20.000, 30.000, "/m/01x3z,/m/046dlr,/m/07pp_mv"
DGbDRGO2qEw, 90.000, 100.000, "/m/03wwcy,/m/09x0r,/t/dd00125"
DGhLUvlnBfE, 200.000, 210.000, "/m/04rlf,/m/07pc8lb,/m/07pp_mv"
DP6KJHuxwJY, 90.000, 100.000, "/m/07pp_mv"
DVpLCx9iOPk, 130.000, 140.000, "/m/028v0c,/m/07pp_mv"
D_23sr_KRvQ, 40.000, 50.000, "/m/07pp_mv"
DaHPT6avIes, 10.000, 20.000, "/m/046dlr,/m/07pp_mv"
Dd5F9fn46gI, 360.000, 370.000, "/m/07pp_mv,/m/0c3f7m"
DeJLjCxM4js, 40.000, 50.000, "/m/07pp_mv,/m/07yv9,/m/09x0r"
DfcH5Ymj_WA, 30.000, 40.000, "/m/07pp_mv,/m/09x0r"
DiKXp0_Y7Lc, 10.000, 20.000, "/m/07pp_mv"
DjRo6s8n5qA, 370.000, 380.000, "/m/01y3hg,/m/07pp_mv,/m/09x0r"
Djn-dlB0ei4, 180.000, 190.000, "/m/07pp_mv,/m/09x0r,/m/0c3f7m"
DoJsm_JkXqE, 0.000, 10.000, "/m/07pp_mv,/m/09x0r,/m/0c3f7m"
DptWWXVlKHw, 40.000, 50.000, "/m/07pp_mv,/m/09x0r,/m/0c3f7m"
DuCMwhtRyOM, 30.000, 40.000, "/m/07pp_mv,/m/0c3f7m"
Dvl4eVhG4mo, 30.000, 40.000, "/m/03wwcy"
E8ELurgzGMI, 130.000, 140.000, "/m/02dgv,/m/07pp_mv"
E8Yi41OgpWo, 0.000, 10.000, "/m/03wwcy,/m/04rlf"
E8uP94MIcgs, 30.000, 40.000, "/m/07pp_mv,/m/09x0r,/m/0c3f7m"
EB4nlpvvIqc, 30.000, 40.000, "/m/07pp_mv,/m/0c3f7m"
EHGteGHp3XU, 30.000, 40.000, "/m/03wwcy"
EL3v64rTpG8, 0.000, 9.000, "/m/03wwcy,/m/09x0r"
ENRPEE2YDnU, 50.000, 60.000, "/m/07pp_mv,/m/09x0r"
EPja93StdqQ, 60.000, 70.000, "/m/07pp_mv,/m/09x0r"
EZkVwdfLCIU, 170.000, 180.000, "/m/012f08,/m/07pp_mv,/m/07yv9,/m/09x0r,/m/0k4j"
EenFsKjpsQc, 200.000, 210.000, "/m/03wwcy,/m/09x0r,/t/dd00125"
Ek6oP8wxSOA, 30.000, 40.000, "/m/01y3hg,/m/07pp_mv,/m/09x0r,/t/dd00125"
Ep93R0Ma6Cg, 190.000, 200.000, "/m/07pp_mv"
EqCEkkd_c_I, 0.000, 10.000, "/m/03wwcy,/m/07r67yg"
ErmSOdi-Iqw, 50.000, 60.000, "/m/07pp_mv,/m/09x0r,/m/0c3f7m"
F1e3R8C4doA, 40.000, 50.000, "/m/07pp_mv"
FDYrS09i77s, 9.000, 19.000, "/m/07pp_mv"
FE-c-jcJLL0, 40.000, 50.000, "/m/03wwcy,/m/04rlf,/m/07r67yg"
FLNsuh4w-PU, 10.000, 20.000, "/m/07pp_mv,/m/0c3f7m"
FRsh-K8A_ws, 10.000, 20.000, "/m/03wwcy,/m/07r67yg,/m/0c1dj"
FbgYkzF8bAo, 10.000, 20.000, "/m/03wwcy,/m/04rlf"
FkxerJFHgwk, 30.000, 40.000, "/m/046dlr,/m/07pp_mv"
Fl1FCMWpRMc, 40.000, 50.000, "/m/07pp_mv,/m/07yv9,/m/0k4j"
FuWDfaQjbvs, 100.000, 110.000, "/m/01x3z,/m/046dlr,/m/07pp_mv"
FvGDFZFIn9U, 20.000, 30.000, "/m/07pp_mv"
Fz1wR4QVCcA, 180.000, 190.000, "/m/07pp_mv,/m/09x0r"
Fz2ZdnAQwrA, 0.000, 10.000, "/m/07pp_mv,/m/09x0r"
FzFDASPJtLE, 0.000, 10.000, "/m/07pp_mv,/m/09x0r"
G0PsTTr9K0w, 0.000, 10.000, "/m/04rlf,/m/07pp_mv,/t/dd00125"
GAesTOIL2lQ, 40.000, 50.000, "/m/012f08,/m/07pp_mv,/m/07yv9,/m/0912c9,/m/09x0r,/m/0k4j"
GCmw_b9Dqe8, 0.000, 10.000, "/m/07pp_mv"
GDS8j-Pjl4E, 0.000, 7.000, "/m/07pp_mv"
GEJxacQlNYg, 140.000, 150.000, "/m/07pp_mv,/m/09x0r"
GHTttz4-JvM, 40.000, 50.000, "/m/07pp_mv"
GHeqmaiyL-A, 9.000, 19.000, "/m/03wwcy"
GIAKrqXJ7sQ, 90.000, 100.000, "/m/07pp_mv,/m/09x0r"
GMf-TNRnASE, 90.000, 100.000, "/m/07pp_mv,/m/0912c9"
GNouAJHu73c, 50.000, 60.000, "/m/07pp_mv"
GO0G1Khh3R0, 10.000, 20.000, "/m/03wwcy,/m/09x0r"
GUCwzgziakE, 420.000, 430.000, "/m/02fs_r,/m/07pp_mv"
GVRhpJlHIns, 110.000, 120.000, "/m/07pp_mv,/m/09x0r"
G_bCM8ojBTc, 380.000, 390.000, "/m/03wwcy,/m/04rlf,/m/09x0r"
GfnqANL9TVY, 20.000, 30.000, "/m/07pp_mv"
GlYT_7H6mbg, 90.000, 100.000, "/m/07pp_mv,/m/09x0r"
GrVcqid0Yqg, 30.000, 40.000, "/m/01y3hg,/m/07pp_mv,/m/0c3f7m"
Gv48mfKVTGA, 10.000, 20.000, "/m/03wwcy"
H5x4vclZM8o, 300.000, 310.000, "/m/07pp_mv,/m/09x0r,/m/0c3f7m"
HCAELnzyOUA, 150.000, 160.000, "/m/07pp_mv,/m/09x0r"
HE5um1OQ7Bg, 60.000, 70.000, "/m/07pp_mv,/m/09x0r,/t/dd00125"
HG_DjKFSp3c, 40.000, 50.000, "/m/07pp_mv,/m/09x0r"
HQ4lzGNfPpo, 150.000, 160.000, "/m/046dlr,/m/07pp_mv,/m/09x0r"
HWQoxySBNWk, 0.000, 10.000, "/m/07pp_mv,/m/09x0r,/m/0c3f7m,/t/dd00126"
H_OkLB3veJk, 20.000, 30.000, "/m/07pp_mv"
HhOJkjBkzzg, 90.000, 100.000, "/m/03wwcy,/m/04rlf,/m/09x0r"
Hlm-P9LeAn8, 10.000, 20.000, "/m/01x3z,/m/046dlr,/m/07pp_mv"
HoBWL3qAnGU, 350.000, 360.000, "/m/03wwcy,/t/dd00125"
HpUcoI5TXfE, 80.000, 90.000, "/m/03wwcy"
HwT8RSwCfEk, 290.000, 300.000, "/m/07pp_mv"
I-uouJ_Zsv4, 0.000, 10.000, "/m/03wwcy,/m/07r67yg,/m/09x0r,/t/dd00126"
I3kPmcHvMrg, 30.000, 40.000, "/m/01z5f,/m/03wwcy,/m/05tny_,/m/068hy,/m/07r67yg,/m/0bt9lr,/m/0jbk"
I560vPeGZo0, 12.000, 22.000, "/m/030rvx,/m/07pp_mv"
I8WTwbL5trw, 80.000, 90.000, "/m/07pp_mv,/m/09x0r,/m/0c3f7m"
IBj-03aNGfc, 0.000, 10.000, "/m/07pp_mv,/m/07r04,/m/07yv9,/m/09x0r"
IDrS33tGhJo, 140.000, 150.000, "/m/03wwcy,/m/04rlf,/m/04szw"
IFtqbBalGyA, 20.000, 30.000, "/m/07pp_mv,/m/09x0r"
IODw-1Ap1oc, 590.000, 600.000, "/m/07pp_mv"
IXRXuv9v7cM, 80.000, 90.000, "/m/046dlr,/m/07pp_mv,/m/09x0r"
I_qBcFL7rys, 0.000, 3.000, "/m/0395lw,/m/03wwcy"
IiIt9ngEJk8, 200.000, 210.000, "/m/07pp_mv,/m/0c3f7m"
Ijuwt2zVffA, 110.000, 120.000, "/m/07pp_mv,/m/09x0r"
J1EO9afbq4U, 80.000, 90.000, "/m/03wwcy"
J1Qv0p8QsR8, 150.000, 160.000, "/m/03wwcy"
J5bfObtsPWw, 0.000, 10.000, "/m/07pp_mv,/m/09x0r"
J8IgXl5g97A, 70.000, 80.000, "/m/07pp_mv"
J9xaNZXL9TU, 120.000, 130.000, "/m/07pp_mv,/m/09x0r"
JBW_1rwG4kw, 50.000, 60.000, "/m/07pp_mv"
JJ4nB4VD9fI, 20.000, 30.000, "/m/046dlr,/m/07pp_mv"
JMdtiTAHYgc, 0.000, 5.000, "/m/03wwcy"
JPTBkETjuxc, 10.000, 20.000, "/m/01y3hg,/m/07pp_mv"
JQplKcC6Ejw, 0.000, 10.000, "/m/03wwcy,/m/09x0r"
JRVGGFlLZ8Y, 0.000, 10.000, "/m/01x3z,/m/046dlr,/m/07pp_mv"
JTfLIqmAhjg, 30.000, 40.000, "/m/07pp_mv"
JVWCDnuRFY0, 90.000, 100.000, "/m/07pp_mv,/m/09x0r,/m/0c3f7m"
Jjc6u3T2SRw, 70.000, 80.000, "/m/03kmc9,/m/07pp_mv,/m/09x0r,/m/0c3f7m"
JnkHiNyO7-o, 24.000, 34.000, "/m/01x3z,/m/046dlr,/m/07pp_mv,/m/0c1dj"
K201mFvtj4s, 220.000, 230.000, "/m/07pp_mv,/m/09x0r"
K6ptIm40Fh4, 30.000, 40.000, "/m/07pp_mv"
K8KwgBniZrI, 230.000, 240.000, "/m/03wwcy"
K96-WN25Kfk, 10.000, 20.000, "/m/07pp_mv,/m/0c3f7m"
KAVSo3lyDJQ, 20.000, 30.000, "/m/04qvtq,/m/07pp_mv,/m/07yv9,/m/09x0r"
KBX2_o073kI, 60.000, 70.000, "/m/046dlr,/m/07pp_mv"
KC736jONiqY, 30.000, 40.000, "/m/07pp_mv,/m/09x0r"
KChX-SAQLqY, 350.000, 360.000, "/m/07pp_mv,/m/09x0r"
KK227gPpRn4, 30.000, 40.000, "/m/02dgv,/m/03wwcy,/m/04rlf,/m/09x0r"
KOreFK4cIvY, 20.000, 30.000, "/m/07pp_mv,/m/09x0r"
Kdqfjw7K9gk, 160.000, 170.000, "/m/07pp_mv,/m/09x0r"
Kw0mQIHUPjk, 10.000, 20.000, "/m/07pp_mv"
KzCnvkKKdoA, 80.000, 90.000, "/m/07pp_mv,/m/09x0r"
L1Kt-Gq7EaE, 60.000, 70.000, "/m/02dgv,/m/07pp_mv,/m/09x0r"
L4PfduXQtHk, 140.000, 150.000, "/m/07pp_mv,/m/09x0r"
L5GYjKXyprI, 90.000, 100.000, "/m/01y3hg,/m/07pp_mv,/m/09x0r"
L67u1veVs5s, 0.000, 10.000, "/m/04rlf,/m/07pp_mv,/m/0l14qv"
L7bzKI26Pek, 190.000, 200.000, "/m/03wwcy,/m/09x0r"
L9_QOpRG8s8, 0.000, 10.000, "/m/03wwcy"
LAaQT3KqqUg, 0.000, 10.000, "/m/04rlf,/m/07pp_mv,/m/09x0r"
LC7aMetFUhg, 140.000, 150.000, "/m/07pp_mv,/m/09x0r,/m/0c3f7m"
LGIBuITFXes, 210.000, 220.000, "/m/07pp_mv,/m/09x0r,/t/dd00125"
LIwMMfb6U44, 110.000, 120.000, "/m/046dlr,/m/07pp_mv,/m/09x0r"
LLCOALgWh4U, 30.000, 40.000, "/m/07pp_mv"
LUXsrbkMXAo, 30.000, 40.000, "/m/046dlr,/m/07pp_mv,/m/09x0r"
LauoPiW9VUw, 0.000, 10.000, "/m/04rlf,/m/07pp_mv,/m/09x0r"
Lbmcf9iAFLs, 30.000, 40.000, "/m/03wwcy,/m/04rlf,/m/07r67yg,/m/09x0r"
Lgf99OrWOVM, 420.000, 430.000, "/m/03wwcy,/m/07r67yg,/m/0bt9lr,/m/0jbk"
M-__IcMUXwc, 70.000, 80.000, "/m/03wwcy,/m/07r67yg"
M20pf99cCeI, 50.000, 60.000, "/m/046dlr,/m/07pp_mv"
M6vRH-i77vU, 26.000, 36.000, "/m/07pp_mv"
M82tO6erP8Y, 160.000, 170.000, "/m/07pp_mv,/m/09x0r"
MAKDYhkqEuM, 30.000, 40.000, "/m/01x3z,/m/046dlr,/m/07pp_mv"
MI-oqzYg-ew, 110.000, 120.000, "/m/07pp_mv,/m/09x0r"
MIdJeGyPzSQ, 0.000, 10.000, "/m/07pp_mv"
MNva8cCYixc, 160.000, 170.000, "/m/01x3z,/m/046dlr,/m/07pp_mv"
MQImODJOrbM, 0.000, 10.000, "/m/07pp_mv,/m/09x0r,/m/0c3f7m"
MYDq2lU8e0w, 20.000, 30.000, "/m/02dgv,/m/07pp_mv"
MYfBnmtp6kk, 0.000, 10.000, "/m/03kmc9,/m/07pp_mv"
Ma9RYDOHijI, 40.000, 50.000, "/m/07pp_mv"
MaMfDJzAsfc, 90.000, 100.000, "/m/07pp_mv,/m/0c3f7m"
MhXIoExCqVw, 20.000, 30.000, "/m/07pp_mv"
MkF2nVQypFM, 30.000, 40.000, "/m/03wwcy,/m/09x0r"
MlSqo7Hj-Gg, 0.000, 10.000, "/m/046dlr,/m/06bz3,/m/07pp_mv"
Msy4mmS1DYc, 110.000, 120.000, "/m/03wwcy,/m/09x0r"
N2kpNON2YxY, 10.000, 20.000, "/m/07pp_mv,/m/0c3f7m"
N8lqrPSpZp4, 120.000, 130.000, "/m/03wwcy,/m/09x0r,/t/dd00126"
NEJJBsoFsrQ, 90.000, 100.000, "/m/03wwcy,/m/04rlf"
NGAyQ6v6Jv0, 20.000, 30.000, "/m/07pp_mv"
NRpftpFM-9E, 540.000, 550.000, "/m/07pp_mv"
NVNuo-CpRbU, 50.000, 60.000, "/m/07pp_mv"
NY8BnXGaB6E, 20.000, 30.000, "/m/07pp_mv"
N_dCBU7M8-w, 10.000, 20.000, "/m/07pp_mv"
N_yYM1bmV00, 70.000, 80.000, "/m/07pp_mv,/m/09x0r,/m/0c3f7m"
NeZ635wKLsE, 90.000, 100.000, "/m/07pp_mv,/m/09x0r,/m/0c3f7m"
NkXork7gui8, 60.000, 70.000, "/m/07pp_mv"
NoUOW3UrVMg, 160.000, 170.000, "/m/07pp_mv,/m/0c3f7m"
Nq3n1T3zZws, 10.000, 20.000, "/m/07pp_mv"
NqGQkAQQWhw, 50.000, 60.000, "/m/07pp_mv,/m/09x0r,/m/0c3f7m"
NsW1pXIseSM, 160.000, 170.000, "/m/07pp_mv,/m/09x0r"
Ny0C-VplQwk, 0.000, 8.000, "/m/030rvx,/m/07pp_mv"
O1hQioHZ_FA, 30.000, 40.000, "/m/03wwcy,/m/09x0r"
O8MSD706FEQ, 230.000, 240.000, "/m/03wwcy,/m/09x0r,/t/dd00125"
OAT2SO6iGis, 440.000, 450.000, "/m/046dlr,/m/04rlf,/m/07pp_mv,/t/dd00125,/t/dd00129"
ONCI2AHc5xQ, 70.000, 80.000, "/m/07pp_mv,/m/09x0r"
OQEA_NReKM0, 70.000, 80.000, "/m/07pp_mv,/m/09x0r"
Oho1y8UjtP8, 0.000, 10.000, "/m/07pp_mv,/m/09x0r,/m/0c3f7m"
OiQXv6mK_1k, 140.000, 150.000, "/m/07pp_mv"
OlG0EiRy-hc, 20.000, 30.000, "/m/07pp_mv,/m/09x0r"
OmAewVv3Hvg, 20.000, 30.000, "/m/07pp_mv,/m/09x0r"
OnImXzvrKMg, 150.000, 160.000, "/m/07pp_mv,/m/09x0r,/m/0c3f7m"
Osly4Shchs4, 30.000, 40.000, "/m/07pp_mv,/t/dd00125"
OsoTbbOM-8I, 220.000, 230.000, "/m/07pp_mv,/m/09x0r"
OtoBeBD-zcQ, 0.000, 8.000, "/m/01y3hg,/m/07pp_mv"
P-f5jCowr7g, 10.000, 20.000, "/m/07pp_mv"
P-svHk3eMiU, 60.000, 70.000, "/m/02dgv,/m/03wwcy,/m/09x0r"
P7rl7vZq794, 570.000, 580.000, "/m/07pp_mv,/m/09x0r,/m/0c3f7m"
P900eyYudeg, 30.000, 40.000, "/m/03wwcy,/m/07r67yg,/m/09x0r"
PAHEldIA5Yk, 270.000, 280.000, "/m/07pp_mv,/t/dd00126"
PFDMzixgKeE, 110.000, 120.000, "/m/07pp_mv"
PHzZWzRRb7I, 240.000, 250.000, "/m/07pp_mv,/m/0c3f7m"
PI7_OXrAC40, 0.000, 10.000, "/m/04rlf,/m/07pp_mv"
PQpqwezl6p4, 70.000, 80.000, "/m/07pp_mv"
P_v7b7QLQxE, 30.000, 40.000, "/m/046dlr,/m/07pp_mv"
ParmpALLalQ, 10.000, 20.000, "/m/07pp_mv,/m/09x0r"
PhIJJWROn5Q, 220.000, 230.000, "/m/01y3hg,/m/030rvx,/m/07pp_mv,/m/09x0r"
PpKpwTI1REQ, 410.000, 420.000, "/m/03wwcy,/m/04rlf"
PuM-No5a2rA, 40.000, 50.000, "/m/07pp_mv,/m/0c3f7m"
Q-6UsNEfmYU, 330.000, 340.000, "/m/07pp_mv,/m/09x0r"
Q0LHcXcO6y8, 60.000, 70.000, "/m/0395lw,/m/03wwcy,/m/046dlr"
Q2Tlh7eD6hk, 30.000, 40.000, "/m/03kmc9,/m/07pp_mv"
Q3Q7a-d2lV8, 20.000, 30.000, "/m/03wwcy,/m/09x0r,/t/dd00125"
QNg9VBistlU, 40.000, 50.000, "/m/07pp_mv,/m/09x0r"
QNiBnMlfT2U, 20.000, 30.000, "/m/030rvx,/m/07pp_mv,/m/0c3f7m,/t/dd00125"
QQCjEw6BgiE, 40.000, 50.000, "/m/07pp_mv,/m/07yv9,/m/0k4j"
QS3vf8iqSAI, 450.000, 460.000, "/m/07pp_mv,/m/09x0r,/t/dd00125"
QW66bi56Wr4, 40.000, 50.000, "/m/07pp_mv,/m/0c3f7m"
QYsALTugVVc, 120.000, 130.000, "/m/07pp_mv,/m/09x0r"
Q_Q_Gvw95w4, 0.000, 10.000, "/m/07pp_mv"
Q_db0UotL0M, 40.000, 50.000, "/m/07pp_mv,/m/0c3f7m"
QvDx8DSyCSI, 190.000, 200.000, "/m/07pp_mv,/m/09x0r"
RCnG5T9PO-s, 80.000, 90.000, "/m/03wwcy,/m/09x0r,/t/dd00125"
RIQEHUTTMAs, 30.000, 40.000, "/m/07pp_mv"
RL6UKyohFpA, 90.000, 100.000, "/m/07pp_mv,/m/09x0r"
RTe-0YG5QS8, 70.000, 80.000, "/m/01x3z,/m/046dlr,/m/07pp_mv"
RVpr28UDGPc, 170.000, 180.000, "/m/03wwcy"
RcZXNh9OXU8, 230.000, 240.000, "/m/07pp_mv,/m/09x0r"
RgSCP3DCyds, 0.000, 10.000, "/m/07pp_mv"
Ri0vScq2odc, 40.000, 50.000, "/m/07pp_mv,/m/0c3f7m"
Rkahmt2nN3c, 10.000, 20.000, "/m/03wwcy,/m/04rlf"
RlILBQ2s9tM, 0.000, 10.000, "/m/03wwcy,/m/04rlf,/m/09x0r"
RoIS0PkFCPo, 100.000, 110.000, "/m/01x3z,/m/07pp_mv,/m/09x0r"
RpURuKbzOMg, 40.000, 50.000, "/m/012ndj,/m/03j1ly,/m/07pp_mv,/m/07yv9,/m/09x0r"
RwMSiW02zBk, 140.000, 150.000, "/m/01y3hg,/m/07pp_mv,/m/09x0r"
RxqGeLgcoj8, 290.000, 300.000, "/m/07pp_mv"
RzxOif-w7mE, 0.000, 10.000, "/m/03wwcy,/m/09x0r,/t/dd00125"
S4hmO8vZK1A, 330.000, 340.000, "/m/07pp_mv,/m/09x0r"
S809D6y0IB4, 270.000, 280.000, "/m/03wwcy,/m/09x0r,/t/dd00125"
SIHAFm0GqAI, 10.000, 20.000, "/m/07pp_mv,/m/09x0r"
SWmnsYqy58Y, 30.000, 40.000, "/m/07pp_mv,/m/0c3f7m"
S_4v4qM9aMc, 10.000, 20.000, "/m/07pp_mv,/m/0c3f7m"
Sb0N-XshN-c, 410.000, 420.000, "/m/03wwcy,/m/04rlf,/m/09x0r,/t/dd00125"
Sf9DDfotTgc, 70.000, 80.000, "/m/07pp_mv,/m/09x0r"
Sgbfq9K3Lqs, 30.000, 40.000, "/m/03wwcy,/m/09x0r"
SuKtxWhkWjo, 40.000, 50.000, "/m/02fs_r,/m/046dlr,/m/07pp_mv"
Swjke-mmx5k, 60.000, 70.000, "/m/07pp_mv"
TBRCGNMQoTg, 21.000, 31.000, "/m/01y3hg,/m/07pp_mv,/m/09x0r"
TLs3b0dV8Ew, 10.000, 20.000, "/m/03wwcy"
TLuK4GRnjpo, 40.000, 50.000, "/m/02fs_r,/m/07pp_mv"
TQ9X6k3mLSA, 40.000, 50.000, "/m/03wwcy,/m/09x0r"
TRvtDwEBWNE, 80.000, 90.000, "/m/07pp_mv"
TSUYFyBgm8w, 20.000, 30.000, "/m/07pp_mv,/m/09x0r"
TTgWshASL8Y, 10.000, 20.000, "/m/03wwcy,/m/068hy,/m/07r67yg,/m/0bt9lr,/m/0jbk"
Tgp484iUwEg, 190.000, 200.000, "/m/03wwcy"
U-rQYAYxue4, 0.000, 10.000, "/m/07pp_mv,/m/09x0r,/m/0c3f7m"
U05BAZK_Trc, 290.000, 300.000, "/m/07pp_mv,/m/09x0r"
U10g6Ou2A58, 10.000, 20.000, "/m/03wwcy,/m/04rlf,/m/07r67yg"
U2GSb_w2e2Q, 290.000, 300.000, "/m/01y3hg,/m/07pp_mv,/m/09x0r"
U85YEtK4TiE, 40.000, 50.000, "/m/07pp_mv"
UC7I-baXTIo, 250.000, 260.000, "/m/07pp_mv,/m/0c3f7m"
UJBsYbbI4Yg, 140.000, 150.000, "/m/03wwcy"
UJLwf5_nRVE, 30.000, 40.000, "/m/02dgv,/m/030rvx,/m/07pp_mv,/m/07rjzl8"
UMUTl8AjbvA, 40.000, 50.000, "/m/07pp_mv"
USpd88OWbNw, 80.000, 90.000, "/m/07pp_mv"
UZkZrWFjrnM, 110.000, 120.000, "/m/03wwcy,/m/04rlf"
U_YNGkCQ8bQ, 20.000, 30.000, "/m/01y3hg,/m/07pp_mv"
UgNXyPSpnKI, 10.000, 20.000, "/m/03wwcy,/m/04rlf"
UhrqWmzFf8A, 60.000, 70.000, "/m/03wwcy,/m/09x0r,/t/dd00128"
Uk3_RecrSDc, 80.000, 90.000, "/m/07pp_mv"
UrpvifXYjsY, 0.000, 10.000, "/m/07pp_mv,/m/09x0r"
Ury37sbc0sE, 30.000, 40.000, "/m/03wwcy,/m/09x0r"
Ut0zBxryXlo, 150.000, 160.000, "/m/03wwcy,/m/09x0r"
Utm2ukLmMcg, 180.000, 190.000, "/m/07pp_mv,/m/09x0r"
UwqNcZ_b_Js, 240.000, 250.000, "/m/03wwcy,/m/09x0r"
V624mQ4kzEo, 180.000, 190.000, "/m/07pp_mv"
V6_kCgbft7M, 10.000, 20.000, "/m/07pp_mv"
VADwHI5cXwg, 30.000, 40.000, "/m/07pp_mv"
VK9uFm_fj9g, 40.000, 50.000, "/m/07pp_mv,/m/0c3f7m"
VNmcvyuaC8o, 210.000, 220.000, "/m/07pp_mv,/m/0c3f7m"
VVJOjfAY0ec, 40.000, 50.000, "/m/03wwcy,/m/04rlf,/m/09x0r"
VXVuWhara_o, 60.000, 70.000, "/m/03wwcy"
Vafgccb1ubk, 320.000, 330.000, "/m/03wwcy,/m/09x0r"
VkRVhcC8ySI, 70.000, 80.000, "/m/07pp_mv,/m/09x0r"
VlyJGHukNiM, 70.000, 80.000, "/m/03wwcy,/m/09x0r"
Vq0DqfAA4qs, 60.000, 70.000, "/m/07pp_mv,/m/09x0r"
Vq3QadgugHE, 0.000, 10.000, "/m/07pp_mv,/m/0c3f7m"
VtOzCABENb8, 70.000, 80.000, "/m/04rlf,/m/07pp_mv"
VyROplv_qAE, 30.000, 40.000, "/m/030rvx,/m/07pp_mv,/t/dd00125"
W88lcPE7fac, 30.000, 40.000, "/m/07pp_mv,/m/09x0r"
WGbJ3ahXAHw, 60.000, 70.000, "/m/04_sv,/m/07pp_mv"
WO8yes0G5j8, 280.000, 290.000, "/m/07pp_mv,/m/09x0r"
WOREQC70Mdc, 140.000, 150.000, "/m/03wwcy,/m/09x0r,/t/dd00125"
WP8aI1IXNCQ, 0.000, 5.000, "/m/03wwcy"
WW6Z7Yj23kE, 40.000, 50.000, "/m/07pp_mv,/m/09x0r"
WmOE-cfIJe0, 8.000, 18.000, "/m/03wwcy,/m/04rlf,/m/09x0r"
WpaOXMCen7s, 0.000, 10.000, "/m/046dlr,/m/07pp_mv"
WxRMEKLWBr0, 30.000, 40.000, "/m/07pp_mv,/t/dd00125"
WxkTZ8UVQjY, 230.000, 240.000, "/m/07pp_mv,/t/dd00125"
Wy4RlsQEbgo, 490.000, 500.000, "/m/012ndj,/m/07pp_mv,/m/07yv9,/m/09x0r,/m/0btp2"
X3MT8moHCwM, 30.000, 40.000, "/m/046dlr,/m/07pp_mv,/m/09x0r"
XABRKgJ7_CI, 0.000, 10.000, "/m/07pp_mv,/m/09x0r"
XD-Va-9vpKM, 540.000, 550.000, "/m/07pp_mv,/m/09x0r,/t/dd00125"
XGiW7jvmasw, 420.000, 430.000, "/m/03wwcy,/m/09x0r,/t/dd00125"
XMNbKYex3j4, 140.000, 150.000, "/m/07pp_mv,/m/0c3f7m"
XTt1zvF43GI, 130.000, 140.000, "/m/07pp_mv,/m/07r04,/m/09x0r,/t/dd00128"
XYgSCvalCzE, 220.000, 230.000, "/m/07pp_mv,/m/09x0r"
Xiu_VGdKi4o, 0.000, 4.000, "/m/03wwcy"
Xmwt7nLRa6w, 110.000, 120.000, "/m/07pp_mv,/m/09x0r,/m/0c3f7m"
XohlrY1nZEk, 320.000, 330.000, "/m/03wwcy,/m/09x0r"
XzKP2q6WPMU, 30.000, 40.000, "/m/01y3hg,/m/07pp_mv,/m/09x0r"
Y-3holRqM5s, 61.000, 71.000, "/m/03wwcy,/m/04rlf"
Y6A16Y2FnNs, 40.000, 50.000, "/m/04rlf,/m/07pp_mv"
Y7CfGLL_yDE, 0.000, 10.000, "/m/07pp_mv"
YEFciE7dtqU, 160.000, 170.000, "/m/07pp_mv,/m/0c3f7m"
YJXgDVRM4cU, 0.000, 10.000, "/m/03wwcy,/m/07r67yg"
YM2Rb0cGEqU, 19.000, 29.000, "/m/07pp_mv"
YTdVeMwwYkY, 11.000, 21.000, "/m/03wwcy,/m/04rlf,/m/04szw"
YWbs1aXKp0k, 80.000, 90.000, "/m/01x3z,/m/046dlr,/m/07pp_mv,/m/09x0r"
YYcc6tXYXnU, 30.000, 40.000, "/m/07pp_mv"
YZbVsMOmu-g, 0.000, 10.000, "/m/07pp_mv,/m/0c3f7m"
YaTkV4qCqQc, 19.000, 29.000, "/m/03wwcy,/m/09x0r"
YgbhjaOR-S0, 30.000, 40.000, "/m/07pp_mv,/m/09x0r"
Ygi0CzbuGTo, 110.000, 120.000, "/m/046dlr,/m/07pp_mv,/m/09x0r"
YmsNoKDfWUE, 120.000, 130.000, "/m/01y3hg,/m/07pp_mv,/m/09x0r"
YtFgxeBzQdg, 70.000, 80.000, "/m/07pp_mv,/m/09x0r,/m/0c3f7m"
YvJ-OGQKEvA, 400.000, 410.000, "/m/04rlf,/m/07pp_mv,/m/09x0r,/t/dd00125"
YwJrY03ewcE, 20.000, 30.000, "/m/07pp_mv"
Z82VBw8_alA, 80.000, 90.000, "/m/07pp_mv"
ZFmyeuE40I8, 500.000, 510.000, "/m/03wwcy,/m/09x0r"
ZHnw8Xy3rm0, 0.000, 10.000, "/m/07pp_mv,/m/09x0r,/t/dd00125,/t/dd00126"
ZWA9dMXS1wo, 30.000, 40.000, "/m/04rlf,/m/07pp_mv"
ZcHVhPY0b1E, 140.000, 150.000, "/m/07pp_mv"
Ze7S1IWw5LM, 30.000, 40.000, "/m/030rvx,/m/07pp_mv,/m/09x0r"
ZmO3Vq1aStQ, 0.000, 10.000, "/m/03wwcy,/m/04rlf"
Zn9t_taH6Nk, 50.000, 60.000, "/m/07pp_mv,/m/09x0r"
ZtOxCM4RKqo, 200.000, 210.000, "/m/07pp_mv,/m/09x0r"
_-IQhtBUiPI, 60.000, 70.000, "/m/03wwcy,/m/04rlf"
_CZzm6jUxbo, 30.000, 40.000, "/m/03wwcy,/m/09x0r"
_EAppGBJJ9g, 0.000, 10.000, "/m/03wwcy,/m/07jdr,/m/07yv9,/m/09x0r"
_HDolAn2_us, 60.000, 70.000, "/m/03wwcy,/m/09x0r"
_KNIJQJ-CHA, 30.000, 40.000, "/m/03wwcy,/m/04rlf"
_OwXukXTR9E, 0.000, 10.000, "/m/04rlf,/m/07pp_mv"
_XnkJ_iwMR0, 0.000, 10.000, "/m/07pp_mv"
_YBSeSRddvg, 110.000, 120.000, "/m/03wwcy,/m/04rlf"
_YoIeZgxdAI, 0.000, 10.000, "/m/03wwcy,/m/0bt9lr,/m/0jbk"
_ZU1Qx5FDYk, 30.000, 40.000, "/m/07pp_mv,/m/0j6m2"
_co_kWq6Nxc, 20.000, 30.000, "/m/046dlr,/m/07pp_mv,/m/09x0r"
_hVk-uvZ7y8, 40.000, 50.000, "/m/07pp_mv"
_ix1jp3v8oE, 30.000, 40.000, "/m/046dlr,/m/07pp_mv"
_oiZ9F6EVtw, 130.000, 140.000, "/m/03wwcy,/m/04rlf,/m/09x0r"
_qR6rwKh-oY, 30.000, 40.000, "/m/07pp_mv,/m/09x0r"
_uRyqLM1cTg, 90.000, 100.000, "/m/07pp_mv,/m/09x0r"
_zE7gPNd_PI, 60.000, 70.000, "/m/03wwcy"
aCVJyp88tpM, 150.000, 160.000, "/m/03wwcy"
aE04XVuOpFw, 8.000, 18.000, "/m/07pp_mv"
aLINHianGc4, 50.000, 60.000, "/m/046dlr,/m/068hy,/m/07pp_mv,/m/0bt9lr,/m/0jbk"
aPZ23bf17LY, 30.000, 40.000, "/m/046dlr,/m/07pp_mv"
aT1RnmYqqxA, 30.000, 40.000, "/m/014zdl,/m/03wwcy,/m/09x0r,/t/dd00125"
abTPRP0_F-A, 180.000, 190.000, "/m/03wwcy,/m/09x0r"
aeEdZ2Pd7Mo, 10.000, 20.000, "/m/03wwcy,/m/09x0r"
ahFvEY-gU5w, 120.000, 130.000, "/m/07pp_mv,/m/09x0r"
ajAiFCfUWI8, 100.000, 110.000, "/m/07pp_mv,/m/09x0r"
anRBGrNT_D4, 110.000, 120.000, "/m/07pp_mv,/m/09x0r"
aq4AoJ0PlHI, 0.000, 10.000, "/m/03wwcy,/m/04rlf,/m/09x0r"
axoc9040NHs, 0.000, 10.000, "/m/07pp_mv"
b2o_IFW-9HQ, 2.000, 12.000, "/m/03wwcy,/m/04rlf"
b5IKNEqdkPc, 50.000, 60.000, "/m/07pp_mv,/t/dd00125"
b5iS_w2s9n4, 510.000, 520.000, "/m/07pp_mv,/m/09x0r,/m/0c3f7m"
bDfj2aTA_R8, 20.000, 30.000, "/m/07pp_mv"
bE7_mErsFFg, 0.000, 10.000, "/m/07pp_mv"
bGeK675EKmM, 140.000, 150.000, "/m/03wwcy,/m/04rlf,/m/09x0r"
bLe0AmKB8fY, 560.000, 570.000, "/m/03wwcy,/m/04rlf,/m/09x0r"
bRUUPDD_nSQ, 22.000, 32.000, "/m/03wwcy,/m/04rlf,/m/09x0r"
bVWivjoXvio, 0.000, 10.000, "/m/07pp_mv"
bZZPr34mmGI, 10.000, 20.000, "/m/07pp_mv"
b_X3Lqmfnm4, 0.000, 10.000, "/m/07pp_mv"
baevAGuuf7o, 20.000, 30.000, "/m/03kmc9,/m/07pp_mv,/m/07yv9,/m/0k4j"
bfFTtgvYXaM, 8.000, 18.000, "/m/030rvx,/m/07pp_mv"
bklmAkmIj6I, 130.000, 140.000, "/m/030rvx,/m/07pp_mv,/m/09x0r"
bm0xs7iYwo4, 60.000, 70.000, "/m/03wwcy,/m/09x0r"
bql1NyQgwIE, 50.000, 60.000, "/m/07pp_mv,/m/09x0r"
bsv5WeEvljk, 60.000, 70.000, "/m/07pp_mv,/m/09x0r,/m/0g6b5"
buhTWOSutJw, 30.000, 40.000, "/m/03wwcy,/m/04rlf,/m/07r67yg"
c05Rw-i6UsY, 30.000, 40.000, "/m/03wwcy,/m/04rlf"
c7stl8RoHiU, 10.000, 20.000, "/m/07pp_mv,/m/09x0r"
c8G1vM00mBQ, 60.000, 70.000, "/m/07pp_mv,/m/09x0r"
cCb68u3LmyE, 10.000, 20.000, "/m/07pp_mv,/t/dd00125"
cHFboceRRLI, 310.000, 320.000, "/m/07pp_mv,/m/0c3f7m"
cNJEC1QJQt4, 0.000, 10.000, "/m/0140xf,/m/02mscn,/m/04rlf,/m/07pp_mv"
cP337TrBBSo, 40.000, 50.000, "/m/03kmc9,/m/07pp_mv,/m/09x0r"
cT875XG7f3k, 20.000, 30.000, "/m/046dlr,/m/07pp_mv"
cYDTnbmpGA0, 10.000, 20.000, "/m/04rlf,/m/07pp_mv"
cZ77deXkcfY, 30.000, 40.000, "/m/02_41,/m/07pp_mv,/m/09x0r"
cgR09Bj_SX8, 340.000, 350.000, "/m/07pp_mv,/m/09x0r"
ci7o-IzNRhk, 10.000, 20.000, "/m/07pp_mv,/m/0c3f7m"
cjTZkHBWjzo, 60.000, 70.000, "/m/07pp_mv,/m/09x0r"
cpOqfdczSV0, 0.000, 10.000, "/m/07pp_mv"
d1rRFwjP5fk, 40.000, 50.000, "/m/07pp_mv,/m/09x0r,/m/0c3f7m"
d6Pa4mFUN74, 0.000, 4.000, "/m/03wwcy"
d7n_aDuVz28, 360.000, 370.000, "/m/07pp_mv,/m/09x0r"
d86YYbaFeRc, 30.000, 40.000, "/m/03wwcy,/m/07r67yg,/m/09x0r"
dDFtV_rKr3Q, 80.000, 90.000, "/m/030rvx,/m/07pp_mv"
dP0zt2UP80s, 560.000, 570.000, "/m/03wwcy,/m/09x0r,/t/dd00126"
dQ1Zp5kwfaI, 30.000, 40.000, "/m/07pp_mv"
dYOddJQGufo, 20.000, 30.000, "/m/07pp_mv,/m/09x0r"
deNTjH0BZCM, 10.000, 20.000, "/m/07pp_mv,/t/dd00125"
dorWrFpbMo4, 290.000, 300.000, "/m/07pp_mv,/m/09x0r"
e84ZaVY2kio, 120.000, 130.000, "/m/07pp_mv,/m/09x0r"
e8xFbgU_Itc, 70.000, 80.000, "/m/07pp_mv,/m/09x0r"
e90CkFZGrUM, 180.000, 190.000, "/m/07pp_mv,/m/09x0r"
eGMCZlnR1Nk, 90.000, 100.000, "/m/046dlr,/m/07pp_mv"
eJYA09WkIFg, 0.000, 10.000, "/m/04rlf,/m/07pp_mv"
eK4wH820las, 5.000, 15.000, "/m/07pp_mv"
eMJJJrhAjB8, 280.000, 290.000, "/m/07pp_mv,/m/09x0r"
eV7fOiTTYyA, 3.000, 13.000, "/m/03wwcy,/m/04rlf"
e_iEQaHxDgo, 10.000, 20.000, "/m/07pp_mv"
elzob9t5h40, 70.000, 80.000, "/m/01x3z,/m/046dlr,/m/07pp_mv,/m/09x0r"
epaf487DWRA, 150.000, 160.000, "/m/07pp_mv,/m/09x0r"
eqlP9_HNy68, 0.000, 10.000, "/m/03wwcy,/m/09x0r,/t/dd00125"
f8657thiNi4, 10.000, 20.000, "/m/04rlf,/m/07pp_mv,/m/09x0r"
fBm7salAAEg, 150.000, 160.000, "/m/07pp_mv,/m/09x0r"
fFGWf2n4V84, 180.000, 190.000, "/m/019jd,/m/07pp_mv,/m/09x0r,/t/dd00129"
fGnBV08W-mg, 0.000, 10.000, "/m/028v0c,/m/07pp_mv,/m/09x0r,/t/dd00125"
fOEyiFsKgs8, 10.000, 20.000, "/m/046dlr,/m/04rlf,/m/07pp_mv"
fP5ERbFK4BE, 10.000, 20.000, "/m/03wwcy,/m/09x0r,/t/dd00125"
fjcfhE22AVQ, 540.000, 550.000, "/m/03wwcy"
frM7xdIaGY0, 10.000, 20.000, "/m/07pp_mv,/m/09x0r"
ft2alhV7W2U, 50.000, 60.000, "/m/07pp_mv"
fw23YtCcY7I, 70.000, 80.000, "/m/07pp_mv,/m/07yv9,/m/09x0r,/m/0k4j"
fwDeyfhn8VA, 20.000, 30.000, "/m/07pp_mv,/m/09x0r"
fx-Vnz0YxSA, 200.000, 210.000, "/m/03wwcy,/m/09x0r"
g2zJHg_wcTw, 1.000, 11.000, "/m/07pp_mv"
g6YB0Sbz1Jg, 60.000, 70.000, "/m/07pp_mv,/m/09x0r"
gDIlcSbRblg, 220.000, 230.000, "/m/07pp_mv,/m/09x0r,/t/dd00125"
gPv57ZcEkVo, 80.000, 90.000, "/m/07pp_mv"
gQ9_hKo9ETA, 10.000, 20.000, "/m/07pp_mv,/m/07rc7d9,/m/09x0r"
gQGDvL8TxSo, 0.000, 10.000, "/m/046dlr,/m/07pp_mv"
gb5K5IjS7EA, 290.000, 300.000, "/m/046dlr,/m/07pp_mv,/m/09x0r"
giTy20ktsFU, 10.000, 20.000, "/m/01z5f,/m/068hy,/m/07pp_mv,/m/09x0r,/m/0bt9lr,/m/0jbk"
gjTcoYdpgJ0, 60.000, 70.000, "/m/03wwcy"
gqnjMinKiPA, 0.000, 10.000, "/m/07pp_mv"
guC4xQwuVrY, 0.000, 10.000, "/m/07pp_mv"
guQwU8X2IrY, 0.000, 10.000, "/m/03wwcy,/m/09x0r,/t/dd00125"
gwWVIlPMNDo, 0.000, 10.000, "/m/04rlf,/m/07pp_mv,/m/09x0r,/t/dd00125"
h4zA-NWK7P4, 160.000, 170.000, "/m/07pp_mv,/m/09x0r,/t/dd00126"
hI1Sjq02Mw4, 160.000, 170.000, "/m/07pp_mv,/m/0c3f7m"
hImjLkapYr0, 290.000, 300.000, "/m/07pp_mv,/m/09x0r,/m/0c3f7m"
hLdklwjNybI, 40.000, 50.000, "/m/03wwcy,/m/07r67yg,/m/09x0r"
hLuMsOJoP90, 10.000, 20.000, "/m/07pp_mv,/m/0c3f7m"
hNZ-jBcFs8s, 90.000, 100.000, "/m/07pp_mv"
hS2y1WF0KyU, 0.000, 10.000, "/m/07pp_mv"
hdryQ62eIs4, 10.000, 20.000, "/m/07pp_mv,/m/09x0r,/m/0c3f7m"
hjXNxmWySRY, 120.000, 130.000, "/m/03wwcy,/m/09x0r"
hlG2-K5ZIkY, 80.000, 90.000, "/m/03wwcy"
hqYu4Xfxsto, 40.000, 50.000, "/m/01x3z,/m/046dlr,/m/07pp_mv,/m/09x0r"
hqZnPXk8vZo, 0.000, 10.000, "/m/07pp_mv"
i06JUDPHm4E, 0.000, 8.000, "/m/07pp_mv"
i3F_WRpTMMQ, 0.000, 10.000, "/m/03kmc9,/m/07pp_mv"
i4TQmT6h_4I, 0.000, 10.000, "/m/07pp_mv,/t/dd00125"
i4o6GHUuXZw, 50.000, 60.000, "/m/07pp_mv"
i7VpXVrrTPs, 30.000, 40.000, "/m/0395lw,/m/03wwcy,/m/07r67yg"
iBdPjVc7T8E, 30.000, 40.000, "/m/03wwcy"
iCrh4cwNNDw, 140.000, 150.000, "/m/01x3z,/m/046dlr,/m/07pp_mv"
iEPr3WdvTM0, 150.000, 160.000, "/m/03wwcy,/m/09x0r"
iFH_A0_i8VY, 30.000, 40.000, "/m/01y3hg,/m/07pp_mv,/m/09x0r"
iIaOa-C6N_Y, 220.000, 230.000, "/m/07pp_mv,/m/09x0r"
iK7SXzb2Ceg, 10.000, 20.000, "/m/07pp_mv"
iRC90RfTjkk, 290.000, 300.000, "/m/07pp_mv,/m/09x0r"
iR_0yVxDxOE, 220.000, 230.000, "/m/046dlr,/m/07pp_mv"
iSfAWBlRoYM, 30.000, 40.000, "/m/07pp_mv,/m/09x0r"
iUT3A8yTrSk, 50.000, 60.000, "/m/046dlr,/m/07pp_mv,/m/09x0r"
ibnWGUOjLS4, 0.000, 10.000, "/m/07pp_mv,/m/0c3f7m"
ikHblCcDjo4, 20.000, 30.000, "/m/07pp_mv,/m/09x0r,/m/0c3f7m"
ipMHdxP9PH8, 10.000, 20.000, "/m/01y3hg,/m/07pp_mv,/m/0c3f7m"
isGpvA-ew5g, 0.000, 10.000, "/m/07pp_mv"
iublNMpqysI, 80.000, 90.000, "/m/07pp_mv"
iujUjo82bbU, 10.000, 20.000, "/m/07pp_mv"
ixPPqzQYPPI, 80.000, 90.000, "/m/07pp_mv,/m/07yv9,/m/09x0r"
izXjoSjMERs, 90.000, 100.000, "/m/07pp_mv,/m/09x0r"
j2ZWCwZh9LQ, 10.000, 20.000, "/m/03wwcy,/m/068hy,/m/07r67yg,/m/07rc7d9,/m/09x0r,/m/0bt9lr,/m/0jbk"
j3KVCU-UwfM, 20.000, 30.000, "/m/046dlr,/m/07pp_mv,/m/09x0r"
jI81qI1Hii8, 90.000, 100.000, "/m/04rlf,/m/07pp_mv,/m/09x0r"
jSlHfmxMjpA, 150.000, 160.000, "/m/03wwcy,/m/09x0r"
jT5pzDLtg3Q, 24.000, 34.000, "/m/030rvx,/m/07pp_mv"
jVu331SFz_Y, 0.000, 10.000, "/m/07pp_mv"
jWkDCko5YWs, 10.000, 20.000, "/m/03wwcy"
jqmz9F-jXdk, 30.000, 40.000, "/m/01x3z,/m/046dlr,/m/07pp_mv,/m/07qjznl,/m/07qjznt"
juB_Rwvir_Y, 20.000, 30.000, "/m/046dlr,/m/07pp_mv"
k4CthJ4E7vU, 30.000, 40.000, "/m/03kmc9,/m/07pp_mv"
kD_sM3ZF514, 160.000, 170.000, "/m/03wwcy"
kIqf8gd4W8Q, 590.000, 600.000, "/m/03wwcy,/t/dd00125"
kN3RRRt4-m8, 20.000, 30.000, "/m/02dgv,/m/03wwcy,/m/09x0r"
kU1bNVIElAY, 20.000, 30.000, "/m/07pp_mv"
klOC20L0a_s, 50.000, 60.000, "/m/07pp_mv"
kmkwCQi_VX8, 50.000, 60.000, "/m/07pp_mv,/t/dd00126"
kmqBUJtwjJI, 70.000, 80.000, "/m/07pp_mv"
kstzPdxjnzQ, 210.000, 220.000, "/m/03wwcy,/m/04rlf,/m/09x0r,/t/dd00125"
l1pFOhvctwU, 240.000, 250.000, "/m/02fs_r,/m/07pp_mv,/m/09x0r"
l2HT-07Llt8, 260.000, 270.000, "/m/07pp_mv,/m/09x0r"
l2ne7ePOG_M, 20.000, 30.000, "/m/07pp_mv"
l4CKF9fIvGE, 10.000, 20.000, "/m/07pp_mv"
l8ImMjuK29M, 330.000, 340.000, "/m/03wwcy"
lF5v3O8zS5Y, 50.000, 60.000, "/m/07pp_mv,/m/0c3f7m"
lGjOp511-sI, 80.000, 90.000, "/m/07pp_mv,/m/0c3f7m"
lOKQavDZXJs, 0.000, 10.000, "/m/046dlr,/m/07pp_mv"
lOOvDYNQHPw, 120.000, 130.000, "/m/01hnzm,/m/03wwcy"
lUojaarlq4E, 20.000, 30.000, "/m/07pp_mv"
lV_MWdl1IBk, 20.000, 30.000, "/m/04_sv,/m/07pp_mv,/m/07yv9"
lYgyPlAjmHc, 0.000, 3.000, "/m/07pp_mv"
l_RotMdBR1I, 20.000, 30.000, "/m/03wwcy"
ln6vHjelxuM, 0.000, 10.000, "/m/07pp_mv,/m/09x0r"
loeiL7cccwM, 0.000, 10.000, "/m/07pp_mv,/m/07yv9,/m/0k4j"
lpmE_FRlnjw, 220.000, 230.000, "/m/030rvx,/m/07pp_mv,/m/09x0r"
m0lnBLzQGu8, 330.000, 340.000, "/m/07pp_mv"
m2JRwvj_J6o, 60.000, 70.000, "/m/07pp_mv"
m2RhX38_Mxs, 30.000, 40.000, "/m/07pp_mv"
m4hmzdC8Cq0, 20.000, 30.000, "/m/05tny_,/m/068hy,/m/07pp_mv,/m/09x0r,/m/0bt9lr,/m/0jbk"
mOfTDGOGBpI, 160.000, 170.000, "/m/03wwcy,/t/dd00125"
mYPA0T27Nks, 40.000, 50.000, "/m/07pp_mv"
mgZnk2phbb8, 20.000, 30.000, "/m/07pp_mv"
mgdXhNv0XkE, 40.000, 50.000, "/m/07pp_mv,/m/09x0r"
mhwuZTe5jIo, 0.000, 10.000, "/m/07pp_mv,/m/0bt9lr,/m/0c3f7m,/m/0jbk"
mpAYvNw6VEw, 40.000, 50.000, "/m/03wwcy,/m/04rlf,/t/dd00128"
mtO3KMrEb6A, 0.000, 10.000, "/m/02fs_r,/m/07pp_mv"
n0bxoidaVzs, 5.000, 15.000, "/m/03wwcy"
n2KpoicR_QY, 260.000, 270.000, "/m/07pp_mv"
n2u-4A9fY28, 20.000, 30.000, "/m/03wwcy,/m/07qf0zm,/m/07r67yg,/m/09x0r,/m/0bt9lr,/m/0jbk"
n3LgnBf4w3g, 130.000, 140.000, "/m/07pp_mv,/m/09x0r"
n4IOK5liZf8, 10.000, 20.000, "/m/07pp_mv,/m/0c3f7m"
n5txG3WfhWQ, 20.000, 30.000, "/m/07pp_mv"
nJf75ms04FE, 130.000, 140.000, "/m/07pp_mv,/m/09x0r,/t/dd00125"
nL2gkiwtFo8, 80.000, 90.000, "/m/07pp_mv"
nVA8BdFZM7k, 70.000, 80.000, "/m/07pp_mv,/m/09x0r,/m/0c3f7m"
nWb1aKQz2Jg, 100.000, 110.000, "/m/07pp_mv,/m/09x0r"
nX-Si6WUpNs, 170.000, 180.000, "/m/07pp_mv,/m/09x0r"
naUizlZanrw, 0.000, 10.000, "/m/07pp_mv"
ndpJ7yBgh-c, 80.000, 90.000, "/m/07pp_mv,/m/09x0r"
neqINSdtCY0, 210.000, 220.000, "/m/07pp_mv,/m/09x0r"
neyvfbFjK4Y, 260.000, 270.000, "/m/07pp_mv,/m/0c3f7m"
nn0XJyCdBls, 90.000, 100.000, "/m/046dlr,/m/07pp_mv,/m/09x0r"
nsxAMfzY_Wo, 160.000, 170.000, "/m/03wwcy,/m/04rlf,/m/09x0r"
ntVVxpfyebA, 0.000, 10.000, "/m/07pp_mv,/m/07yv9,/m/09x0r"
o7aU9SgLC-s, 90.000, 100.000, "/m/07pp_mv"
o9nvBi30xyg, 4.000, 14.000, "/m/030rvx,/m/07pp_mv"
oFcRyerYBfM, 30.000, 40.000, "/m/03wwcy"
oH3uZoMRRvI, 10.000, 20.000, "/m/07pp_mv"
oUYC9XTJPnE, 20.000, 30.000, "/m/046dlr,/m/07pp_mv"
oYT4EkiBXtc, 160.000, 170.000, "/m/07pp_mv,/m/09x0r"
oaQoA0Gsjyw, 50.000, 60.000, "/m/03wwcy,/m/09x0r"
oeAt3eEWUhU, 10.000, 20.000, "/m/07pp_mv,/m/0c3f7m"
ofDKJJpUhuY, 80.000, 90.000, "/m/03wwcy"
ofmHsznIOIM, 60.000, 70.000, "/m/03wwcy,/m/04rlf,/m/09x0r"
og988DWEciw, 1.000, 11.000, "/m/07pp_mv"
ogMYklfVydo, 30.000, 40.000, "/m/0395lw,/m/03wwcy,/m/04rlf,/m/09x0r"
oy-ZMaQbe9c, 210.000, 220.000, "/m/07pp_mv,/m/0c3f7m,/t/dd00125"
p6CYj_0IR28, 0.000, 4.000, "/m/03wwcy"
p7FzM3X2F2s, 200.000, 210.000, "/m/07pp_mv,/m/09x0r"
p7fdKsHEyJw, 260.000, 270.000, "/m/07pp_mv,/m/09x0r,/t/dd00125"
pFsHm_buuvM, 20.000, 30.000, "/m/07pp_mv"
pGP2wjwM4HE, 80.000, 90.000, "/m/07pp_mv,/m/09x0r,/m/0c3f7m"
pNoFoH57fOg, 210.000, 220.000, "/m/03wwcy,/m/07r67yg,/m/09x0r"
pfpnTPHI-n0, 30.000, 40.000, "/m/03wwcy,/m/04rlf,/m/04szw,/m/09x0r"
pgT4OaJ-G5M, 60.000, 70.000, "/m/046dlr,/m/07pp_mv"
pnOROqeU8ck, 180.000, 190.000, "/m/07pp_mv,/m/09x0r"
ppeK1l12kjk, 10.000, 20.000, "/m/0199g,/m/07pp_mv,/m/07yv9"
puCAesgiikI, 40.000, 50.000, "/m/07pp_mv,/m/0c3f7m"
pvthl9i30TI, 30.000, 40.000, "/m/07pp_mv"
q2KdvPBK2q4, 260.000, 270.000, "/m/07pp_mv,/m/09x0r"
q3DDJUSVers, 330.000, 340.000, "/m/07pp_mv"
q8eATSQtUw8, 190.000, 200.000, "/m/07pp_mv,/m/09x0r"
qDCK7vo_MCM, 140.000, 150.000, "/m/03wwcy,/m/09x0r"
qGDaSUy-llQ, 0.000, 9.000, "/m/03wwcy"
qGwAHw5fSNU, 100.000, 110.000, "/m/07pp_mv,/m/09x0r"
qIDXVYKTqVM, 40.000, 50.000, "/m/07pp_mv"
qIHrVo-W6dA, 50.000, 60.000, "/m/01x3z,/m/046dlr,/m/07pp_mv"
qP_M5DAxl_w, 10.000, 20.000, "/m/07pp_mv"
qTK-Tnp_e9A, 10.000, 20.000, "/m/04rlf,/m/07pp_mv"
qVREzf3cl4Y, 160.000, 170.000, "/m/07pp_mv,/m/09x0r"
qgG-a0UG9no, 50.000, 60.000, "/m/07pp_mv,/m/09x0r"
qqii1gFc6_4, 20.000, 30.000, "/m/046dlr,/m/07pp_mv"
qxfYieyKc3I, 40.000, 50.000, "/m/07pp_mv"
r-Dj_GA1y6o, 50.000, 60.000, "/m/03wwcy,/m/07pp_mv,/m/09x0r"
r4auqsn1UuA, 430.000, 440.000, "/m/03wwcy,/m/04rlf"
r95S7Nk2QrY, 300.000, 310.000, "/m/07pp_mv,/m/09x0r,/m/0c3f7m"
rJtrGb0NRyQ, 10.000, 20.000, "/m/07pp_mv"
rMH2jA5Q2Sc, 180.000, 190.000, "/m/07pp_mv"
rNf6gX3fOpk, 90.000, 100.000, "/m/07pp_mv,/m/09x0r"
rQP0RsslgKg, 30.000, 40.000, "/m/07pp_mv,/m/0c3f7m"
rR5DoxLMZWw, 80.000, 90.000, "/m/07pp_mv"
rjJtoqQBUlY, 30.000, 40.000, "/m/07pp_mv,/m/09x0r"
rzAqETGwotg, 20.000, 30.000, "/m/03wwcy,/m/04rlf,/m/09x0r,/t/dd00125"
s3mV40kUAhs, 0.000, 10.000, "/m/01x3z,/m/046dlr,/m/07pp_mv"
s66TsZdwchs, 10.000, 20.000, "/m/07pp_mv"
sAv7Je97Pqg, 80.000, 90.000, "/m/07pp_mv,/m/09x0r"
sCb2fXh8GXU, 30.000, 40.000, "/m/04rlf,/m/07pp_mv"
sD10fAJ5GqI, 120.000, 130.000, "/m/07pp_mv"
sEbCzrXaWEI, 190.000, 200.000, "/m/03wwcy,/m/04rlf,/m/09x0r"
sEpEhXA-ZL8, 230.000, 240.000, "/m/04rlf,/m/07pp_mv,/t/dd00125"
sRg9a_SU_hA, 40.000, 50.000, "/m/04rlf,/m/07pp_mv"
sSpETigWQtM, 540.000, 550.000, "/m/03wwcy,/m/04rlf,/m/09x0r"
sXwmS5IPE_s, 90.000, 100.000, "/m/07pp_mv,/m/09x0r,/m/0c3f7m"
sfijdojFuSI, 40.000, 50.000, "/m/07pp_mv"
sfyUUm2f1rw, 0.000, 9.000, "/m/07pp_mv"
shhiDj1Y-cc, 0.000, 10.000, "/m/04rlf,/m/07pp_mv,/m/09x0r"
soyoOKpa5Ag, 180.000, 190.000, "/m/01y3hg,/m/07pp_mv"
sv5_PZuSzMY, 40.000, 50.000, "/m/07pp_mv"
t5xKNW5_4Ts, 80.000, 90.000, "/m/07pp_mv,/m/09x0r"
t6RDSREyeso, 10.000, 20.000, "/m/03wwcy,/m/04rlf,/m/06by7"
t7xwCFnzAZM, 150.000, 160.000, "/m/07pp_mv,/m/09x0r,/m/0c3f7m"
tAMIKg8myoc, 70.000, 80.000, "/m/028v0c,/m/07pp_mv"
tLgYuO-w638, 0.000, 10.000, "/m/03wwcy"
tNr5TNpI_SY, 30.000, 40.000, "/m/03wwcy"
tOoZF9dv9Ws, 10.000, 20.000, "/m/07pp_mv,/m/0c3f7m"
tYDEjfvg0iA, 40.000, 50.000, "/m/046dlr,/m/07pp_mv,/m/09x0r"
tZHTM1Xpofg, 0.000, 10.000, "/m/07pp_mv"
tb2D2Uhb3Jw, 90.000, 100.000, "/m/04rlf,/m/07pp_mv,/m/0g6b5"
tgOEC9-6fOA, 40.000, 50.000, "/m/01y3hg,/m/07pp_mv,/m/09x0r,/m/0c3f7m"
thE9hiWy9IU, 0.000, 10.000, "/m/07pp_mv,/m/0c3f7m"
tnBfRs2X2gU, 20.000, 30.000, "/m/07pp_mv"
tqXsSgSQ--k, 460.000, 470.000, "/m/04rlf,/m/07pp_mv,/m/09x0r"
tr8XDix4wkI, 50.000, 60.000, "/m/03wwcy,/m/04rlf,/m/09x0r"
ttqdU2PGk0s, 80.000, 90.000, "/m/03wwcy,/m/0c1dj"
u0nUlYFSTCM, 20.000, 30.000, "/m/07pp_mv"
uDy4mYik4fo, 50.000, 60.000, "/m/0395lw,/m/03wwcy"
uFd8iun6L5A, 10.000, 20.000, "/m/07pp_mv,/m/0c3f7m"
uHCcFynCWrc, 190.000, 200.000, "/m/07pp_mv,/m/09x0r,/t/dd00125"
uHREsHWmTp4, 140.000, 150.000, "/m/01x3z,/m/046dlr,/m/07pp_mv"
uI8LZxZVvLk, 10.000, 20.000, "/m/07pp_mv,/m/0c3f7m"
uKEzK9DNZiQ, 50.000, 60.000, "/m/046dlr,/m/07pp_mv,/m/09x0r"
uQ7Bwe3aILo, 20.000, 30.000, "/m/02dgv,/m/07pp_mv,/m/09x0r"
uQdgO2G2KDM, 0.000, 10.000, "/m/07pp_mv,/m/09x0r"
uUdc74qQGcs, 350.000, 360.000, "/m/07pp_mv,/m/09x0r"
uVcK_jYTC3w, 30.000, 40.000, "/m/03kmc9,/m/07pp_mv"
uZDkS4PQPhg, 30.000, 40.000, "/m/030rvx,/m/07pp_mv"
ue98UtHw8o8, 190.000, 200.000, "/m/046dlr,/m/07pp_mv"
uiFWsCzezJY, 140.000, 150.000, "/m/07pp_mv,/m/09x0r,/m/0c3f7m"
v112Ebgs1CU, 110.000, 120.000, "/m/068zj,/m/07pp_mv"
v1U_iOrgy14, 0.000, 10.000, "/m/04rlf,/m/07pp_mv"
v2Mmlp3YPPM, 150.000, 160.000, "/m/07pp_mv,/m/09x0r"
v2n6w1fuVB0, 390.000, 400.000, "/m/07pp_mv"
v7oHMNYHyCM, 120.000, 130.000, "/m/07pp_mv,/m/09x0r,/m/0c3f7m"
vBWYA_Pawvw, 80.000, 90.000, "/m/01j3sz,/m/07pp_mv,/m/07rgt08,/m/09x0r,/m/0c3f7m"
vCKR7nmv56o, 20.000, 30.000, "/m/03wwcy,/m/04rlf,/m/09x0r"
vGb9-f_Tw64, 140.000, 150.000, "/m/07pp_mv"
vLs38zJ1EPo, 150.000, 160.000, "/m/04rlf,/m/07pp_mv,/m/09x0r"
vOT8-hwnWgQ, 410.000, 420.000, "/m/07pp_mv,/m/09x0r"
valaSxQ_M1Q, 20.000, 30.000, "/m/07pp_mv,/m/09x0r"
vq9iIe3z7S0, 360.000, 370.000, "/m/07pp_mv,/m/09x0r"
vyOd_5NwHq4, 0.000, 10.000, "/m/03wwcy"
w0mqjaRpwe0, 0.000, 8.000, "/m/07pp_mv"
w7bC-svR14k, 70.000, 80.000, "/m/07pp_mv,/m/09x0r,/m/0c3f7m"
wDJgLW3EACI, 150.000, 160.000, "/m/07pp_mv"
wK31IQhp6Qc, 80.000, 90.000, "/m/04rlf,/m/07pp_mv"
wSjTuxbcAAM, 40.000, 50.000, "/m/07pp_mv,/m/09x0r"
wY1PqdWwesA, 180.000, 190.000, "/m/03wwcy,/m/09x0r"
wcnZcOtdFjU, 20.000, 30.000, "/m/07pp_mv"
wicNPOr_gVE, 180.000, 190.000, "/m/07pp_mv,/m/09x0r,/m/0c3f7m"
wkEaHu9RXTA, 360.000, 370.000, "/m/02fs_r,/m/030rvx,/m/04rlf,/m/07pp_mv,/t/dd00125"
wum-4N5x8fo, 10.000, 20.000, "/m/03wwcy,/t/dd00125"
x6WNc2iLJ7o, 540.000, 550.000, "/m/07pp_mv"
x7uQPkzTWL0, 0.000, 3.000, "/m/03wwcy"
xG9cgaHmBNQ, 260.000, 270.000, "/m/03wwcy,/m/09x0r"
xJxDpMtIWu8, 160.000, 170.000, "/m/07pp_mv,/m/09x0r"
xVDB3sDJOOo, 140.000, 150.000, "/m/03wwcy"
xdDEZmu6OrI, 30.000, 40.000, "/m/07pp_mv"
xjGWXP0VQS0, 80.000, 90.000, "/m/07pp_mv,/m/09x0r"
xmCChdLR6X8, 350.000, 360.000, "/m/07pp_mv,/m/09x0r"
xnMerCib9Ow, 60.000, 70.000, "/m/02fs_r,/m/07pp_mv,/m/09x0r"
xniobkWLBd8, 410.000, 420.000, "/m/07pp_mv,/m/09x0r,/m/0c3f7m"
xnwwsEEJvdk, 200.000, 210.000, "/m/03wwcy,/m/04rlf,/m/09x0r"
xrwe6YRJfWk, 370.000, 380.000, "/m/07pp_mv"
xxCG2hgujP0, 480.000, 490.000, "/m/03wwcy,/m/04rlf"
y0i7jjDl75o, 30.000, 40.000, "/m/07pp_mv"
yAqFZnaMyb0, 60.000, 70.000, "/m/07pp_mv"
yEJMiUq45hM, 30.000, 40.000, "/m/07pp_mv,/m/09x0r"
yNNf4uTzPjQ, 10.000, 20.000, "/m/03wwcy,/m/09x0r"
yPooV6dOwig, 240.000, 250.000, "/m/07pp_mv,/m/09x0r,/t/dd00128"
yUhxLba_lCo, 180.000, 190.000, "/m/07pp_mv,/m/09x0r,/m/0c3f7m"
ycy2nj6ARAw, 30.000, 40.000, "/m/03wwcy,/m/09x0r"
ygXK90AVXFY, 110.000, 120.000, "/m/07pp_mv"
yixPnw3iEEc, 270.000, 280.000, "/m/07pp_mv,/m/09x0r"
yjCOqkNVjCI, 0.000, 10.000, "/m/07pp_mv"
ylADXwDnjwY, 550.000, 560.000, "/m/03wwcy"
ylsetAz_Bes, 190.000, 200.000, "/m/030rvx,/m/068hy,/m/07pp_mv,/m/09x0r,/m/0bt9lr,/m/0jbk,/t/dd00128"
ynAAKvWD57c, 140.000, 150.000, "/m/07pp_mv,/m/09x0r,/m/0c3f7m"
yzRA_UJ5GKE, 0.000, 10.000, "/m/07pp_mv"
zJn25a1x71Y, 150.000, 160.000, "/m/07pp_mv,/m/09x0r"
zNvgZ5QPAFI, 30.000, 40.000, "/m/03wwcy,/m/04rlf,/m/07r67yg,/m/09x0r"
zWJnB5edlG4, 0.000, 10.000, "/m/07pp_mv"
zauN9IWqmRc, 0.000, 10.000, "/m/07pp_mv,/m/09x0r"
zgqrUoLS-Ck, 30.000, 40.000, "/m/04rlf,/m/07pp_mv,/m/0c3f7m"
zmEIzXrDprw, 0.000, 10.000, "/m/03wwcy,/m/09x0r,/m/0ytgt"
zrp4_MwYsCM, 50.000, 60.000, "/m/046dlr,/m/07pp_mv"
zvAFIC2Hscw, 10.000, 20.000, "/m/07pp_mv"
zwiUwUyUZnI, 10.000, 20.000, "/m/07pp_mv"
zwt0-btmexk, 0.000, 10.000, "/m/02fs_r,/m/07pp_mv"
zzvrfnkuEx4, 170.000, 180.000, "/m/07pp_mv,/m/0c3f7m"
